Utterance,Intent,Entities
how can i transfer $200?,send money,{'amount': '$200'}
send cash to my dad.,send money,{'recipient': 'dad'}
can you send money to my friend?,send money,{'recipient': 'friend'}
i need to pay my sister.,send money,{'recipient': 'sister'}
please pay this amount to my friend.,send money,{'recipient': 'friend'}
transfer funds to my friend.,send money,{'recipient': 'friend'}
i need to pay my sister.,send money,{'recipient': 'sister'}
transfer funds to my friend.,send money,{'recipient': 'friend'}
send cash to my dad.,send money,{'recipient': 'dad'}
transfer funds to my friend.,send money,{'recipient': 'friend'}
please pay this amount to my friend.,send money,{'recipient': 'friend'}
send $50 to john.,send money,"{'amount': '$50', 'recipient': 'john'}"
please pay this amount to my friend.,send money,{'recipient': 'friend'}
send cash to my dad.,send money,{'recipient': 'dad'}
send cash to my dad.,send money,{'recipient': 'dad'}
please pay this amount to my friend.,send money,{'recipient': 'friend'}
move $100 to my brother’s wallet.,send money,"{'amount': '$100', 'recipient': 'brother'}"
please pay this amount to my friend.,send money,{'recipient': 'friend'}
i need to pay my sister.,send money,{'recipient': 'sister'}
i need to pay my sister.,send money,{'recipient': 'sister'}
send cash to my dad.,send money,{'recipient': 'dad'}
please pay this amount to my friend.,send money,{'recipient': 'friend'}
transfer funds to my friend.,send money,{'recipient': 'friend'}
can you send this amount to john?,send money,{'recipient': 'john'}
move $100 to my brother’s wallet.,send money,"{'amount': '$100', 'recipient': 'brother'}"
transfer funds to my friend.,send money,{'recipient': 'friend'}
please pay this amount to my friend.,send money,{'recipient': 'friend'}
how can i transfer $200?,send money,{'amount': '$200'}
please pay this amount to my friend.,send money,{'recipient': 'friend'}
transfer funds to my friend.,send money,{'recipient': 'friend'}
send $50 to john.,send money,"{'amount': '$50', 'recipient': 'john'}"
please pay this amount to my friend.,send money,{'recipient': 'friend'}
can you send money to my friend?,send money,{'recipient': 'friend'}
send $50 to john.,send money,"{'amount': '$50', 'recipient': 'john'}"
send cash to my dad.,send money,{'recipient': 'dad'}
how can i transfer $200?,send money,{'amount': '$200'}
transfer funds to my friend.,send money,{'recipient': 'friend'}
how can i transfer $200?,send money,{'amount': '$200'}
i need to pay my sister.,send money,{'recipient': 'sister'}
can you send money to my friend?,send money,{'recipient': 'friend'}
how can i transfer $200?,send money,{'amount': '$200'}
can you send this amount to john?,send money,{'recipient': 'john'}
can you send money to my friend?,send money,{'recipient': 'friend'}
i need to pay my sister.,send money,{'recipient': 'sister'}
move $100 to my brother’s wallet.,send money,"{'amount': '$100', 'recipient': 'brother'}"
move $100 to my brother’s wallet.,send money,"{'amount': '$100', 'recipient': 'brother'}"
how can i transfer $200?,send money,{'amount': '$200'}
transfer funds to my friend.,send money,{'recipient': 'friend'}
can you send money to my friend?,send money,{'recipient': 'friend'}
transfer funds to my friend.,send money,{'recipient': 'friend'}
i need to pay my sister.,send money,{'recipient': 'sister'}
send cash to my dad.,send money,{'recipient': 'dad'}
can you send money to my friend?,send money,{'recipient': 'friend'}
transfer funds to my friend.,send money,{'recipient': 'friend'}
can you send this amount to john?,send money,{'recipient': 'john'}
move $100 to my brother’s wallet.,send money,"{'amount': '$100', 'recipient': 'brother'}"
i need to pay my sister.,send money,{'recipient': 'sister'}
transfer funds to my friend.,send money,{'recipient': 'friend'}
send cash to my dad.,send money,{'recipient': 'dad'}
send cash to my dad.,send money,{'recipient': 'dad'}
move $100 to my brother’s wallet.,send money,"{'amount': '$100', 'recipient': 'brother'}"
how can i transfer $200?,send money,{'amount': '$200'}
can you send this amount to john?,send money,{'recipient': 'john'}
i need to pay my sister.,send money,{'recipient': 'sister'}
transfer funds to my friend.,send money,{'recipient': 'friend'}
how can i transfer $200?,send money,{'amount': '$200'}
can you send money to my friend?,send money,{'recipient': 'friend'}
send $50 to john.,send money,"{'amount': '$50', 'recipient': 'john'}"
send $50 to john.,send money,"{'amount': '$50', 'recipient': 'john'}"
transfer funds to my friend.,send money,{'recipient': 'friend'}
send $50 to john.,send money,"{'amount': '$50', 'recipient': 'john'}"
can you send this amount to john?,send money,{'recipient': 'john'}
please pay this amount to my friend.,send money,{'recipient': 'friend'}
send cash to my dad.,send money,{'recipient': 'dad'}
can you send money to my friend?,send money,{'recipient': 'friend'}
can you send this amount to john?,send money,{'recipient': 'john'}
transfer funds to my friend.,send money,{'recipient': 'friend'}
please pay this amount to my friend.,send money,{'recipient': 'friend'}
can you send money to my friend?,send money,{'recipient': 'friend'}
can you send this amount to john?,send money,{'recipient': 'john'}
please pay this amount to my friend.,send money,{'recipient': 'friend'}
i need to pay my sister.,send money,{'recipient': 'sister'}
can you send this amount to john?,send money,{'recipient': 'john'}
move $100 to my brother’s wallet.,send money,"{'amount': '$100', 'recipient': 'brother'}"
can you send this amount to john?,send money,{'recipient': 'john'}
can you send this amount to john?,send money,{'recipient': 'john'}
transfer funds to my friend.,send money,{'recipient': 'friend'}
send $50 to john.,send money,"{'amount': '$50', 'recipient': 'john'}"
can you send money to my friend?,send money,{'recipient': 'friend'}
how can i transfer $200?,send money,{'amount': '$200'}
please pay this amount to my friend.,send money,{'recipient': 'friend'}
can you send this amount to john?,send money,{'recipient': 'john'}
can you send this amount to john?,send money,{'recipient': 'john'}
can you send money to my friend?,send money,{'recipient': 'friend'}
send cash to my dad.,send money,{'recipient': 'dad'}
send $50 to john.,send money,"{'amount': '$50', 'recipient': 'john'}"
transfer funds to my friend.,send money,{'recipient': 'friend'}
send cash to my dad.,send money,{'recipient': 'dad'}
how can i transfer $200?,send money,{'amount': '$200'}
transfer funds to my friend.,send money,{'recipient': 'friend'}
i need to pay my sister.,send money,{'recipient': 'sister'}
i need to pay my sister.,send money,{'recipient': 'sister'}
transfer funds to my friend.,send money,{'recipient': 'friend'}
can you send this amount to john?,send money,{'recipient': 'john'}
transfer funds to my friend.,send money,{'recipient': 'friend'}
send cash to my dad.,send money,{'recipient': 'dad'}
can you send money to my friend?,send money,{'recipient': 'friend'}
i need to pay my sister.,send money,{'recipient': 'sister'}
please pay this amount to my friend.,send money,{'recipient': 'friend'}
please pay this amount to my friend.,send money,{'recipient': 'friend'}
please pay this amount to my friend.,send money,{'recipient': 'friend'}
transfer funds to my friend.,send money,{'recipient': 'friend'}
send $50 to john.,send money,"{'amount': '$50', 'recipient': 'john'}"
please pay this amount to my friend.,send money,{'recipient': 'friend'}
can you send money to my friend?,send money,{'recipient': 'friend'}
move $100 to my brother’s wallet.,send money,"{'amount': '$100', 'recipient': 'brother'}"
i need to pay my sister.,send money,{'recipient': 'sister'}
move $100 to my brother’s wallet.,send money,"{'amount': '$100', 'recipient': 'brother'}"
can you send money to my friend?,send money,{'recipient': 'friend'}
how can i transfer $200?,send money,{'amount': '$200'}
how can i transfer $200?,send money,{'amount': '$200'}
i need to pay my sister.,send money,{'recipient': 'sister'}
can you send money to my friend?,send money,{'recipient': 'friend'}
how can i transfer $200?,send money,{'amount': '$200'}
please pay this amount to my friend.,send money,{'recipient': 'friend'}
i need to pay my sister.,send money,{'recipient': 'sister'}
send $50 to john.,send money,"{'amount': '$50', 'recipient': 'john'}"
transfer funds to my friend.,send money,{'recipient': 'friend'}
can you send this amount to john?,send money,{'recipient': 'john'}
transfer funds to my friend.,send money,{'recipient': 'friend'}
please pay this amount to my friend.,send money,{'recipient': 'friend'}
can you send this amount to john?,send money,{'recipient': 'john'}
can you send money to my friend?,send money,{'recipient': 'friend'}
can you send money to my friend?,send money,{'recipient': 'friend'}
send $50 to john.,send money,"{'amount': '$50', 'recipient': 'john'}"
can you send this amount to john?,send money,{'recipient': 'john'}
can you send this amount to john?,send money,{'recipient': 'john'}
can you send this amount to john?,send money,{'recipient': 'john'}
send cash to my dad.,send money,{'recipient': 'dad'}
please pay this amount to my friend.,send money,{'recipient': 'friend'}
send $50 to john.,send money,"{'amount': '$50', 'recipient': 'john'}"
please pay this amount to my friend.,send money,{'recipient': 'friend'}
transfer funds to my friend.,send money,{'recipient': 'friend'}
send cash to my dad.,send money,{'recipient': 'dad'}
can you send this amount to john?,send money,{'recipient': 'john'}
send cash to my dad.,send money,{'recipient': 'dad'}
please pay this amount to my friend.,send money,{'recipient': 'friend'}
move $100 to my brother’s wallet.,send money,"{'amount': '$100', 'recipient': 'brother'}"
send $50 to john.,send money,"{'amount': '$50', 'recipient': 'john'}"
send cash to my dad.,send money,{'recipient': 'dad'}
transfer funds to my friend.,send money,{'recipient': 'friend'}
move $100 to my brother’s wallet.,send money,"{'amount': '$100', 'recipient': 'brother'}"
send $50 to john.,send money,"{'amount': '$50', 'recipient': 'john'}"
can you send money to my friend?,send money,{'recipient': 'friend'}
can you send this amount to john?,send money,{'recipient': 'john'}
please pay this amount to my friend.,send money,{'recipient': 'friend'}
how can i transfer $200?,send money,{'amount': '$200'}
can you send this amount to john?,send money,{'recipient': 'john'}
can you send money to my friend?,send money,{'recipient': 'friend'}
please pay this amount to my friend.,send money,{'recipient': 'friend'}
please pay this amount to my friend.,send money,{'recipient': 'friend'}
i need to pay my sister.,send money,{'recipient': 'sister'}
how can i transfer $200?,send money,{'amount': '$200'}
transfer funds to my friend.,send money,{'recipient': 'friend'}
send cash to my dad.,send money,{'recipient': 'dad'}
send $50 to john.,send money,"{'amount': '$50', 'recipient': 'john'}"
please pay this amount to my friend.,send money,{'recipient': 'friend'}
please pay this amount to my friend.,send money,{'recipient': 'friend'}
please pay this amount to my friend.,send money,{'recipient': 'friend'}
i need to pay my sister.,send money,{'recipient': 'sister'}
send cash to my dad.,send money,{'recipient': 'dad'}
send cash to my dad.,send money,{'recipient': 'dad'}
send cash to my dad.,send money,{'recipient': 'dad'}
send cash to my dad.,send money,{'recipient': 'dad'}
send $50 to john.,send money,"{'amount': '$50', 'recipient': 'john'}"
move $100 to my brother’s wallet.,send money,"{'amount': '$100', 'recipient': 'brother'}"
can you send money to my friend?,send money,{'recipient': 'friend'}
send cash to my dad.,send money,{'recipient': 'dad'}
transfer funds to my friend.,send money,{'recipient': 'friend'}
send $50 to john.,send money,"{'amount': '$50', 'recipient': 'john'}"
transfer funds to my friend.,send money,{'recipient': 'friend'}
move $100 to my brother’s wallet.,send money,"{'amount': '$100', 'recipient': 'brother'}"
can you send this amount to john?,send money,{'recipient': 'john'}
send cash to my dad.,send money,{'recipient': 'dad'}
i need to pay my sister.,send money,{'recipient': 'sister'}
i need to pay my sister.,send money,{'recipient': 'sister'}
move $100 to my brother’s wallet.,send money,"{'amount': '$100', 'recipient': 'brother'}"
transfer funds to my friend.,send money,{'recipient': 'friend'}
move $100 to my brother’s wallet.,send money,"{'amount': '$100', 'recipient': 'brother'}"
move $100 to my brother’s wallet.,send money,"{'amount': '$100', 'recipient': 'brother'}"
can you send this amount to john?,send money,{'recipient': 'john'}
transfer funds to my friend.,send money,{'recipient': 'friend'}
how can i transfer $200?,send money,{'amount': '$200'}
i need to pay my sister.,send money,{'recipient': 'sister'}
can you send money to my friend?,send money,{'recipient': 'friend'}
send cash to my dad.,send money,{'recipient': 'dad'}
can you send this amount to john?,send money,{'recipient': 'john'}
move $100 to my brother’s wallet.,send money,"{'amount': '$100', 'recipient': 'brother'}"
please pay this amount to my friend.,send money,{'recipient': 'friend'}
make a payment of ₹3571 to xyz@okhdfcbank.,send money,"{'amount': '₹3571', 'upi_id': 'xyz@okhdfcbank'}"
pay alice using random@oksbi.,send money,"{'recipient': 'alice', 'upi_id': 'random@oksbi'}"
send ₹1978 to bob smith.,send money,"{'recipient': 'bob smith', 'amount': '₹1978'}"
send money to +91-7890123456.,send money,{'phone_number': '+91-7890123456'}
transfer ₹3040 to abc@paytm.,send money,"{'upi_id': 'abc@paytm', 'amount': '₹3040'}"
pay johnny using xyz@okhdfcbank.,send money,"{'recipient': 'johnny', 'upi_id': 'xyz@okhdfcbank'}"
send money to +91-7890123456.,send money,{'phone_number': '+91-7890123456'}
send money to +91 9876543210.,send money,{'phone_number': '+91 9876543210'}
send ₹1277 to alice.,send money,"{'recipient': 'alice', 'amount': '₹1277'}"
make a payment of ₹3887 to user@upi.,send money,"{'amount': '₹3887', 'upi_id': 'user@upi'}"
make a payment of ₹2366 to abc@paytm.,send money,"{'amount': '₹2366', 'upi_id': 'abc@paytm'}"
send ₹4745 to rob.,send money,"{'recipient': 'rob', 'amount': '₹4745'}"
send money to 98765 43210.,send money,{'phone_number': '98765 43210'}
make a payment of ₹3258 to random@oksbi.,send money,"{'amount': '₹3258', 'upi_id': 'random@oksbi'}"
send ₹776 to john doe.,send money,"{'recipient': 'john doe', 'amount': '₹776'}"
send money to 98765 43210.,send money,{'phone_number': '98765 43210'}
send money to +91 9876543210.,send money,{'phone_number': '+91 9876543210'}
pay john using random@oksbi.,send money,"{'recipient': 'john', 'upi_id': 'random@oksbi'}"
transfer ₹2441 to abc@paytm.,send money,"{'upi_id': 'abc@paytm', 'amount': '₹2441'}"
send ₹1068 to alice.,send money,"{'recipient': 'alice', 'amount': '₹1068'}"
send ₹903 to john.,send money,"{'recipient': 'john', 'amount': '₹903'}"
make a payment of ₹3485 to xyz@okhdfcbank.,send money,"{'amount': '₹3485', 'upi_id': 'xyz@okhdfcbank'}"
transfer ₹331 to someone@ybl.,send money,"{'upi_id': 'someone@ybl', 'amount': '₹331'}"
transfer ₹296 to xyz@okhdfcbank.,send money,"{'upi_id': 'xyz@okhdfcbank', 'amount': '₹296'}"
make a payment of ₹4766 to user@upi.,send money,"{'amount': '₹4766', 'upi_id': 'user@upi'}"
make a payment of ₹489 to someone@ybl.,send money,"{'amount': '₹489', 'upi_id': 'someone@ybl'}"
transfer ₹3677 to user@upi.,send money,"{'upi_id': 'user@upi', 'amount': '₹3677'}"
make a payment of ₹4955 to someone@ybl.,send money,"{'amount': '₹4955', 'upi_id': 'someone@ybl'}"
pay rob using abc@paytm.,send money,"{'recipient': 'rob', 'upi_id': 'abc@paytm'}"
pay bob smith using user@upi.,send money,"{'recipient': 'bob smith', 'upi_id': 'user@upi'}"
send ₹688 to john.,send money,"{'recipient': 'john', 'amount': '₹688'}"
send money to 9123456789.,send money,{'phone_number': '9123456789'}
pay john using xyz@okhdfcbank.,send money,"{'recipient': 'john', 'upi_id': 'xyz@okhdfcbank'}"
pay rob using xyz@okhdfcbank.,send money,"{'recipient': 'rob', 'upi_id': 'xyz@okhdfcbank'}"
make a payment of ₹3544 to user@upi.,send money,"{'amount': '₹3544', 'upi_id': 'user@upi'}"
send money to 9123456789.,send money,{'phone_number': '9123456789'}
pay robert using someone@ybl.,send money,"{'recipient': 'robert', 'upi_id': 'someone@ybl'}"
transfer ₹1060 to abc@paytm.,send money,"{'upi_id': 'abc@paytm', 'amount': '₹1060'}"
make a payment of ₹4426 to abc@paytm.,send money,"{'amount': '₹4426', 'upi_id': 'abc@paytm'}"
make a payment of ₹4739 to random@oksbi.,send money,"{'amount': '₹4739', 'upi_id': 'random@oksbi'}"
make a payment of ₹1594 to xyz@okhdfcbank.,send money,"{'amount': '₹1594', 'upi_id': 'xyz@okhdfcbank'}"
send ₹480 to john.,send money,"{'recipient': 'john', 'amount': '₹480'}"
transfer ₹4167 to someone@ybl.,send money,"{'upi_id': 'someone@ybl', 'amount': '₹4167'}"
send money to 9123456789.,send money,{'phone_number': '9123456789'}
transfer ₹1007 to xyz@okhdfcbank.,send money,"{'upi_id': 'xyz@okhdfcbank', 'amount': '₹1007'}"
send ₹4615 to robert.,send money,"{'recipient': 'robert', 'amount': '₹4615'}"
send money to +91-7890123456.,send money,{'phone_number': '+91-7890123456'}
make a payment of ₹3537 to xyz@okhdfcbank.,send money,"{'amount': '₹3537', 'upi_id': 'xyz@okhdfcbank'}"
pay rob using someone@ybl.,send money,"{'recipient': 'rob', 'upi_id': 'someone@ybl'}"
transfer ₹3620 to someone@ybl.,send money,"{'upi_id': 'someone@ybl', 'amount': '₹3620'}"
make a payment of ₹3601 to user@upi.,send money,"{'amount': '₹3601', 'upi_id': 'user@upi'}"
pay alice using abc@paytm.,send money,"{'recipient': 'alice', 'upi_id': 'abc@paytm'}"
make a payment of ₹1842 to someone@ybl.,send money,"{'amount': '₹1842', 'upi_id': 'someone@ybl'}"
send money to +91 9876543210.,send money,{'phone_number': '+91 9876543210'}
send money to 9123456789.,send money,{'phone_number': '9123456789'}
send money to 98765 43210.,send money,{'phone_number': '98765 43210'}
send ₹1579 to john doe.,send money,"{'recipient': 'john doe', 'amount': '₹1579'}"
make a payment of ₹4031 to abc@paytm.,send money,"{'amount': '₹4031', 'upi_id': 'abc@paytm'}"
transfer ₹4673 to random@oksbi.,send money,"{'upi_id': 'random@oksbi', 'amount': '₹4673'}"
transfer ₹3626 to abc@paytm.,send money,"{'upi_id': 'abc@paytm', 'amount': '₹3626'}"
pay robert using abc@paytm.,send money,"{'recipient': 'robert', 'upi_id': 'abc@paytm'}"
send money to 9123456789.,send money,{'phone_number': '9123456789'}
make a payment of ₹3070 to random@oksbi.,send money,"{'amount': '₹3070', 'upi_id': 'random@oksbi'}"
send money to 9123456789.,send money,{'phone_number': '9123456789'}
send ₹1043 to alice.,send money,"{'recipient': 'alice', 'amount': '₹1043'}"
pay robert using xyz@okhdfcbank.,send money,"{'recipient': 'robert', 'upi_id': 'xyz@okhdfcbank'}"
send money to +91 9876543210.,send money,{'phone_number': '+91 9876543210'}
pay john using user@upi.,send money,"{'recipient': 'john', 'upi_id': 'user@upi'}"
send money to +91 9876543210.,send money,{'phone_number': '+91 9876543210'}
pay rob using someone@ybl.,send money,"{'recipient': 'rob', 'upi_id': 'someone@ybl'}"
send money to 98765 43210.,send money,{'phone_number': '98765 43210'}
send money to +91 9876543210.,send money,{'phone_number': '+91 9876543210'}
send ₹1160 to john.,send money,"{'recipient': 'john', 'amount': '₹1160'}"
send money to +91-7890123456.,send money,{'phone_number': '+91-7890123456'}
pay jon using random@oksbi.,send money,"{'recipient': 'jon', 'upi_id': 'random@oksbi'}"
pay rob using xyz@okhdfcbank.,send money,"{'recipient': 'rob', 'upi_id': 'xyz@okhdfcbank'}"
send money to 98765 43210.,send money,{'phone_number': '98765 43210'}
transfer ₹2330 to someone@ybl.,send money,"{'upi_id': 'someone@ybl', 'amount': '₹2330'}"
send ₹2994 to robert.,send money,"{'recipient': 'robert', 'amount': '₹2994'}"
pay rob using xyz@okhdfcbank.,send money,"{'recipient': 'rob', 'upi_id': 'xyz@okhdfcbank'}"
transfer ₹2421 to xyz@okhdfcbank.,send money,"{'upi_id': 'xyz@okhdfcbank', 'amount': '₹2421'}"
send money to 9123456789.,send money,{'phone_number': '9123456789'}
send ₹2279 to johnny.,send money,"{'recipient': 'johnny', 'amount': '₹2279'}"
send money to +91-7890123456.,send money,{'phone_number': '+91-7890123456'}
make a payment of ₹788 to someone@ybl.,send money,"{'amount': '₹788', 'upi_id': 'someone@ybl'}"
pay alice using abc@paytm.,send money,"{'recipient': 'alice', 'upi_id': 'abc@paytm'}"
send ₹3546 to john doe.,send money,"{'recipient': 'john doe', 'amount': '₹3546'}"
make a payment of ₹1136 to random@oksbi.,send money,"{'amount': '₹1136', 'upi_id': 'random@oksbi'}"
transfer ₹4822 to someone@ybl.,send money,"{'upi_id': 'someone@ybl', 'amount': '₹4822'}"
pay jon using someone@ybl.,send money,"{'recipient': 'jon', 'upi_id': 'someone@ybl'}"
pay rob using xyz@okhdfcbank.,send money,"{'recipient': 'rob', 'upi_id': 'xyz@okhdfcbank'}"
send money to +91-7890123456.,send money,{'phone_number': '+91-7890123456'}
transfer ₹4260 to user@upi.,send money,"{'upi_id': 'user@upi', 'amount': '₹4260'}"
make a payment of ₹4540 to xyz@okhdfcbank.,send money,"{'amount': '₹4540', 'upi_id': 'xyz@okhdfcbank'}"
make a payment of ₹4525 to abc@paytm.,send money,"{'amount': '₹4525', 'upi_id': 'abc@paytm'}"
send ₹362 to bob smith.,send money,"{'recipient': 'bob smith', 'amount': '₹362'}"
send money to +91 9876543210.,send money,{'phone_number': '+91 9876543210'}
transfer ₹2695 to someone@ybl.,send money,"{'upi_id': 'someone@ybl', 'amount': '₹2695'}"
send ₹3966 to alice.,send money,"{'recipient': 'alice', 'amount': '₹3966'}"
make a payment of ₹4952 to xyz@okhdfcbank.,send money,"{'amount': '₹4952', 'upi_id': 'xyz@okhdfcbank'}"
pay alice using user@upi.,send money,"{'recipient': 'alice', 'upi_id': 'user@upi'}"
pay jon using abc@paytm.,send money,"{'recipient': 'jon', 'upi_id': 'abc@paytm'}"
transfer ₹2068 to xyz@okhdfcbank.,send money,"{'upi_id': 'xyz@okhdfcbank', 'amount': '₹2068'}"
send ₹4877 to john doe.,send money,"{'recipient': 'john doe', 'amount': '₹4877'}"
transfer ₹412 to user@upi.,send money,"{'upi_id': 'user@upi', 'amount': '₹412'}"
pay john using user@upi.,send money,"{'recipient': 'john', 'upi_id': 'user@upi'}"
make a payment of ₹3441 to someone@ybl.,send money,"{'amount': '₹3441', 'upi_id': 'someone@ybl'}"
pay alice using someone@ybl.,send money,"{'recipient': 'alice', 'upi_id': 'someone@ybl'}"
make a payment of ₹4388 to user@upi.,send money,"{'amount': '₹4388', 'upi_id': 'user@upi'}"
make a payment of ₹3114 to xyz@okhdfcbank.,send money,"{'amount': '₹3114', 'upi_id': 'xyz@okhdfcbank'}"
send ₹1662 to jon.,send money,"{'recipient': 'jon', 'amount': '₹1662'}"
make a payment of ₹618 to someone@ybl.,send money,"{'amount': '₹618', 'upi_id': 'someone@ybl'}"
make a payment of ₹3689 to xyz@okhdfcbank.,send money,"{'amount': '₹3689', 'upi_id': 'xyz@okhdfcbank'}"
send money to +91-7890123456.,send money,{'phone_number': '+91-7890123456'}
send money to 98765 43210.,send money,{'phone_number': '98765 43210'}
make a payment of ₹4718 to abc@paytm.,send money,"{'amount': '₹4718', 'upi_id': 'abc@paytm'}"
make a payment of ₹4109 to abc@paytm.,send money,"{'amount': '₹4109', 'upi_id': 'abc@paytm'}"
send ₹3543 to john.,send money,"{'recipient': 'john', 'amount': '₹3543'}"
transfer ₹814 to user@upi.,send money,"{'upi_id': 'user@upi', 'amount': '₹814'}"
send money to 98765 43210.,send money,{'phone_number': '98765 43210'}
make a payment of ₹2474 to user@upi.,send money,"{'amount': '₹2474', 'upi_id': 'user@upi'}"
transfer ₹4742 to abc@paytm.,send money,"{'upi_id': 'abc@paytm', 'amount': '₹4742'}"
send ₹2753 to alice.,send money,"{'recipient': 'alice', 'amount': '₹2753'}"
send money to +91-7890123456.,send money,{'phone_number': '+91-7890123456'}
make a payment of ₹3054 to someone@ybl.,send money,"{'amount': '₹3054', 'upi_id': 'someone@ybl'}"
send money to +91 9876543210.,send money,{'phone_number': '+91 9876543210'}
make a payment of ₹2409 to abc@paytm.,send money,"{'amount': '₹2409', 'upi_id': 'abc@paytm'}"
send money to +91 9876543210.,send money,{'phone_number': '+91 9876543210'}
transfer ₹2413 to abc@paytm.,send money,"{'upi_id': 'abc@paytm', 'amount': '₹2413'}"
make a payment of ₹2067 to someone@ybl.,send money,"{'amount': '₹2067', 'upi_id': 'someone@ybl'}"
send money to 98765 43210.,send money,{'phone_number': '98765 43210'}
send money to 98765 43210.,send money,{'phone_number': '98765 43210'}
send money to +91 9876543210.,send money,{'phone_number': '+91 9876543210'}
send ₹1770 to rob.,send money,"{'recipient': 'rob', 'amount': '₹1770'}"
make a payment of ₹4525 to xyz@okhdfcbank.,send money,"{'amount': '₹4525', 'upi_id': 'xyz@okhdfcbank'}"
pay johnny using xyz@okhdfcbank.,send money,"{'recipient': 'johnny', 'upi_id': 'xyz@okhdfcbank'}"
pay johnny using user@upi.,send money,"{'recipient': 'johnny', 'upi_id': 'user@upi'}"
transfer ₹2679 to xyz@okhdfcbank.,send money,"{'upi_id': 'xyz@okhdfcbank', 'amount': '₹2679'}"
pay robert using xyz@okhdfcbank.,send money,"{'recipient': 'robert', 'upi_id': 'xyz@okhdfcbank'}"
send ₹2461 to jon.,send money,"{'recipient': 'jon', 'amount': '₹2461'}"
send ₹4821 to john.,send money,"{'recipient': 'john', 'amount': '₹4821'}"
make a payment of ₹1455 to random@oksbi.,send money,"{'amount': '₹1455', 'upi_id': 'random@oksbi'}"
pay jon using abc@paytm.,send money,"{'recipient': 'jon', 'upi_id': 'abc@paytm'}"
transfer ₹3388 to abc@paytm.,send money,"{'upi_id': 'abc@paytm', 'amount': '₹3388'}"
pay bob smith using abc@paytm.,send money,"{'recipient': 'bob smith', 'upi_id': 'abc@paytm'}"
transfer ₹2924 to user@upi.,send money,"{'upi_id': 'user@upi', 'amount': '₹2924'}"
send ₹831 to robert.,send money,"{'recipient': 'robert', 'amount': '₹831'}"
send ₹1319 to bob smith.,send money,"{'recipient': 'bob smith', 'amount': '₹1319'}"
transfer ₹2176 to abc@paytm.,send money,"{'upi_id': 'abc@paytm', 'amount': '₹2176'}"
pay rob using abc@paytm.,send money,"{'recipient': 'rob', 'upi_id': 'abc@paytm'}"
pay john using random@oksbi.,send money,"{'recipient': 'john', 'upi_id': 'random@oksbi'}"
pay rob using random@oksbi.,send money,"{'recipient': 'rob', 'upi_id': 'random@oksbi'}"
transfer ₹2530 to abc@paytm.,send money,"{'upi_id': 'abc@paytm', 'amount': '₹2530'}"
transfer ₹4471 to random@oksbi.,send money,"{'upi_id': 'random@oksbi', 'amount': '₹4471'}"
transfer ₹4540 to someone@ybl.,send money,"{'upi_id': 'someone@ybl', 'amount': '₹4540'}"
make a payment of ₹3228 to user@upi.,send money,"{'amount': '₹3228', 'upi_id': 'user@upi'}"
pay rob using someone@ybl.,send money,"{'recipient': 'rob', 'upi_id': 'someone@ybl'}"
transfer ₹3517 to user@upi.,send money,"{'upi_id': 'user@upi', 'amount': '₹3517'}"
send money to +91 9876543210.,send money,{'phone_number': '+91 9876543210'}
send ₹1763 to bob smith.,send money,"{'recipient': 'bob smith', 'amount': '₹1763'}"
send ₹1502 to johnny.,send money,"{'recipient': 'johnny', 'amount': '₹1502'}"
send money to +91-7890123456.,send money,{'phone_number': '+91-7890123456'}
transfer ₹3132 to user@upi.,send money,"{'upi_id': 'user@upi', 'amount': '₹3132'}"
make a payment of ₹2712 to random@oksbi.,send money,"{'amount': '₹2712', 'upi_id': 'random@oksbi'}"
send money to +91-7890123456.,send money,{'phone_number': '+91-7890123456'}
transfer ₹873 to xyz@okhdfcbank.,send money,"{'upi_id': 'xyz@okhdfcbank', 'amount': '₹873'}"
transfer ₹4017 to someone@ybl.,send money,"{'upi_id': 'someone@ybl', 'amount': '₹4017'}"
transfer ₹3455 to random@oksbi.,send money,"{'upi_id': 'random@oksbi', 'amount': '₹3455'}"
send ₹1234 to rob.,send money,"{'recipient': 'rob', 'amount': '₹1234'}"
pay john doe using random@oksbi.,send money,"{'recipient': 'john doe', 'upi_id': 'random@oksbi'}"
make a payment of ₹4610 to random@oksbi.,send money,"{'amount': '₹4610', 'upi_id': 'random@oksbi'}"
make a payment of ₹3829 to someone@ybl.,send money,"{'amount': '₹3829', 'upi_id': 'someone@ybl'}"
make a payment of ₹2646 to someone@ybl.,send money,"{'amount': '₹2646', 'upi_id': 'someone@ybl'}"
transfer ₹2379 to xyz@okhdfcbank.,send money,"{'upi_id': 'xyz@okhdfcbank', 'amount': '₹2379'}"
send money to +91 9876543210.,send money,{'phone_number': '+91 9876543210'}
send ₹1920 to johnny.,send money,"{'recipient': 'johnny', 'amount': '₹1920'}"
make a payment of ₹3104 to random@oksbi.,send money,"{'amount': '₹3104', 'upi_id': 'random@oksbi'}"
send money to 98765 43210.,send money,{'phone_number': '98765 43210'}
make a payment of ₹1016 to someone@ybl.,send money,"{'amount': '₹1016', 'upi_id': 'someone@ybl'}"
pay john doe using user@upi.,send money,"{'recipient': 'john doe', 'upi_id': 'user@upi'}"
send money to 98765 43210.,send money,{'phone_number': '98765 43210'}
make a payment of ₹4814 to someone@ybl.,send money,"{'amount': '₹4814', 'upi_id': 'someone@ybl'}"
make a payment of ₹2214 to random@oksbi.,send money,"{'amount': '₹2214', 'upi_id': 'random@oksbi'}"
pay jon using abc@paytm.,send money,"{'recipient': 'jon', 'upi_id': 'abc@paytm'}"
send ₹1373 to john.,send money,"{'recipient': 'john', 'amount': '₹1373'}"
send money to +91 9876543210.,send money,{'phone_number': '+91 9876543210'}
make a payment of ₹2843 to someone@ybl.,send money,"{'amount': '₹2843', 'upi_id': 'someone@ybl'}"
transfer ₹3925 to abc@paytm.,send money,"{'upi_id': 'abc@paytm', 'amount': '₹3925'}"
send money to 98765 43210.,send money,{'phone_number': '98765 43210'}
send money to +91 9876543210.,send money,{'phone_number': '+91 9876543210'}
send money to +91 9876543210.,send money,{'phone_number': '+91 9876543210'}
make a payment of ₹497 to user@upi.,send money,"{'amount': '₹497', 'upi_id': 'user@upi'}"
make a payment of ₹3360 to abc@paytm.,send money,"{'amount': '₹3360', 'upi_id': 'abc@paytm'}"
send money to +91 9876543210.,send money,{'phone_number': '+91 9876543210'}
make a payment of ₹4424 to abc@paytm.,send money,"{'amount': '₹4424', 'upi_id': 'abc@paytm'}"
make a payment of ₹2137 to abc@paytm.,send money,"{'amount': '₹2137', 'upi_id': 'abc@paytm'}"
pay john doe using xyz@okhdfcbank.,send money,"{'recipient': 'john doe', 'upi_id': 'xyz@okhdfcbank'}"
send money to 98765 43210.,send money,{'phone_number': '98765 43210'}
transfer ₹2061 to xyz@okhdfcbank.,send money,"{'upi_id': 'xyz@okhdfcbank', 'amount': '₹2061'}"
send ₹681 to rob.,send money,"{'recipient': 'rob', 'amount': '₹681'}"
make a payment of ₹2483 to someone@ybl.,send money,"{'amount': '₹2483', 'upi_id': 'someone@ybl'}"
pay john doe using random@oksbi.,send money,"{'recipient': 'john doe', 'upi_id': 'random@oksbi'}"
send ₹1854 to alice.,send money,"{'recipient': 'alice', 'amount': '₹1854'}"
send ₹2373 to jon.,send money,"{'recipient': 'jon', 'amount': '₹2373'}"
transfer ₹2258 to random@oksbi.,send money,"{'upi_id': 'random@oksbi', 'amount': '₹2258'}"
send money to +91-7890123456.,send money,{'phone_number': '+91-7890123456'}
pay rob using someone@ybl.,send money,"{'recipient': 'rob', 'upi_id': 'someone@ybl'}"
transfer ₹1858 to abc@paytm.,send money,"{'upi_id': 'abc@paytm', 'amount': '₹1858'}"
send ₹4472 to robert.,send money,"{'recipient': 'robert', 'amount': '₹4472'}"
make a payment of ₹3597 to abc@paytm.,send money,"{'amount': '₹3597', 'upi_id': 'abc@paytm'}"
make a payment of ₹2285 to user@upi.,send money,"{'amount': '₹2285', 'upi_id': 'user@upi'}"
transfer ₹3834 to xyz@okhdfcbank.,send money,"{'upi_id': 'xyz@okhdfcbank', 'amount': '₹3834'}"
make a payment of ₹2054 to someone@ybl.,send money,"{'amount': '₹2054', 'upi_id': 'someone@ybl'}"
make a payment of ₹2397 to random@oksbi.,send money,"{'amount': '₹2397', 'upi_id': 'random@oksbi'}"
send money to +91-7890123456.,send money,{'phone_number': '+91-7890123456'}
make a payment of ₹4811 to someone@ybl.,send money,"{'amount': '₹4811', 'upi_id': 'someone@ybl'}"
make a payment of ₹1993 to random@oksbi.,send money,"{'amount': '₹1993', 'upi_id': 'random@oksbi'}"
pay johnny using user@upi.,send money,"{'recipient': 'johnny', 'upi_id': 'user@upi'}"
transfer ₹4971 to someone@ybl.,send money,"{'upi_id': 'someone@ybl', 'amount': '₹4971'}"
make a payment of ₹3782 to user@upi.,send money,"{'amount': '₹3782', 'upi_id': 'user@upi'}"
transfer ₹3783 to someone@ybl.,send money,"{'upi_id': 'someone@ybl', 'amount': '₹3783'}"
send money to 9123456789.,send money,{'phone_number': '9123456789'}
make a payment of ₹1040 to someone@ybl.,send money,"{'amount': '₹1040', 'upi_id': 'someone@ybl'}"
transfer ₹3099 to user@upi.,send money,"{'upi_id': 'user@upi', 'amount': '₹3099'}"
pay alice using abc@paytm.,send money,"{'recipient': 'alice', 'upi_id': 'abc@paytm'}"
transfer ₹2814 to abc@paytm.,send money,"{'upi_id': 'abc@paytm', 'amount': '₹2814'}"
pay johnny using random@oksbi.,send money,"{'recipient': 'johnny', 'upi_id': 'random@oksbi'}"
send money to 9123456789.,send money,{'phone_number': '9123456789'}
pay johnny using abc@paytm.,send money,"{'recipient': 'johnny', 'upi_id': 'abc@paytm'}"
pay bob smith using abc@paytm.,send money,"{'recipient': 'bob smith', 'upi_id': 'abc@paytm'}"
make a payment of ₹4428 to someone@ybl.,send money,"{'amount': '₹4428', 'upi_id': 'someone@ybl'}"
send ₹1660 to john.,send money,"{'recipient': 'john', 'amount': '₹1660'}"
send money to +91-7890123456.,send money,{'phone_number': '+91-7890123456'}
send money to 9123456789.,send money,{'phone_number': '9123456789'}
send money to 98765 43210.,send money,{'phone_number': '98765 43210'}
send ₹3144 to johnny.,send money,"{'recipient': 'johnny', 'amount': '₹3144'}"
send money to +91 9876543210.,send money,{'phone_number': '+91 9876543210'}
make a payment of ₹2264 to random@oksbi.,send money,"{'amount': '₹2264', 'upi_id': 'random@oksbi'}"
make a payment of ₹3058 to abc@paytm.,send money,"{'amount': '₹3058', 'upi_id': 'abc@paytm'}"
pay robert using xyz@okhdfcbank.,send money,"{'recipient': 'robert', 'upi_id': 'xyz@okhdfcbank'}"
transfer ₹2577 to someone@ybl.,send money,"{'upi_id': 'someone@ybl', 'amount': '₹2577'}"
pay robert using abc@paytm.,send money,"{'recipient': 'robert', 'upi_id': 'abc@paytm'}"
pay johnny using xyz@okhdfcbank.,send money,"{'recipient': 'johnny', 'upi_id': 'xyz@okhdfcbank'}"
send money to +91 9876543210.,send money,{'phone_number': '+91 9876543210'}
pay john doe using abc@paytm.,send money,"{'recipient': 'john doe', 'upi_id': 'abc@paytm'}"
transfer ₹1497 to random@oksbi.,send money,"{'upi_id': 'random@oksbi', 'amount': '₹1497'}"
send money to 9123456789.,send money,{'phone_number': '9123456789'}
transfer ₹1223 to xyz@okhdfcbank.,send money,"{'upi_id': 'xyz@okhdfcbank', 'amount': '₹1223'}"
send ₹2913 to rob.,send money,"{'recipient': 'rob', 'amount': '₹2913'}"
transfer ₹1144 to xyz@okhdfcbank.,send money,"{'upi_id': 'xyz@okhdfcbank', 'amount': '₹1144'}"
pay johnny using xyz@okhdfcbank.,send money,"{'recipient': 'johnny', 'upi_id': 'xyz@okhdfcbank'}"
send ₹1881 to robert.,send money,"{'recipient': 'robert', 'amount': '₹1881'}"
transfer ₹3633 to abc@paytm.,send money,"{'upi_id': 'abc@paytm', 'amount': '₹3633'}"
send money to +91-7890123456.,send money,{'phone_number': '+91-7890123456'}
transfer ₹2335 to xyz@okhdfcbank.,send money,"{'upi_id': 'xyz@okhdfcbank', 'amount': '₹2335'}"
send money to 98765 43210.,send money,{'phone_number': '98765 43210'}
send ₹2618 to john.,send money,"{'recipient': 'john', 'amount': '₹2618'}"
transfer ₹4250 to random@oksbi.,send money,"{'upi_id': 'random@oksbi', 'amount': '₹4250'}"
pay bob smith using random@oksbi.,send money,"{'recipient': 'bob smith', 'upi_id': 'random@oksbi'}"
pay bob smith using user@upi.,send money,"{'recipient': 'bob smith', 'upi_id': 'user@upi'}"
transfer ₹3781 to xyz@okhdfcbank.,send money,"{'upi_id': 'xyz@okhdfcbank', 'amount': '₹3781'}"
make a payment of ₹2740 to xyz@okhdfcbank.,send money,"{'amount': '₹2740', 'upi_id': 'xyz@okhdfcbank'}"
send ₹3447 to john.,send money,"{'recipient': 'john', 'amount': '₹3447'}"
pay john using random@oksbi.,send money,"{'recipient': 'john', 'upi_id': 'random@oksbi'}"
make a payment of ₹310 to random@oksbi.,send money,"{'amount': '₹310', 'upi_id': 'random@oksbi'}"
transfer ₹3349 to someone@ybl.,send money,"{'upi_id': 'someone@ybl', 'amount': '₹3349'}"
make a payment of ₹330 to someone@ybl.,send money,"{'amount': '₹330', 'upi_id': 'someone@ybl'}"
make a payment of ₹1201 to someone@ybl.,send money,"{'amount': '₹1201', 'upi_id': 'someone@ybl'}"
send money to 9123456789.,send money,{'phone_number': '9123456789'}
transfer ₹4745 to random@oksbi.,send money,"{'upi_id': 'random@oksbi', 'amount': '₹4745'}"
pay johnny using xyz@okhdfcbank.,send money,"{'recipient': 'johnny', 'upi_id': 'xyz@okhdfcbank'}"
send money to 98765 43210.,send money,{'phone_number': '98765 43210'}
send ₹4385 to bob smith.,send money,"{'recipient': 'bob smith', 'amount': '₹4385'}"
pay rob using xyz@okhdfcbank.,send money,"{'recipient': 'rob', 'upi_id': 'xyz@okhdfcbank'}"
send ₹1595 to john.,send money,"{'recipient': 'john', 'amount': '₹1595'}"
make a payment of ₹4112 to abc@paytm.,send money,"{'amount': '₹4112', 'upi_id': 'abc@paytm'}"
send money to +91-7890123456.,send money,{'phone_number': '+91-7890123456'}
send ₹1004 to robert.,send money,"{'recipient': 'robert', 'amount': '₹1004'}"
transfer ₹4359 to random@oksbi.,send money,"{'upi_id': 'random@oksbi', 'amount': '₹4359'}"
pay rob using xyz@okhdfcbank.,send money,"{'recipient': 'rob', 'upi_id': 'xyz@okhdfcbank'}"
send ₹3160 to bob smith.,send money,"{'recipient': 'bob smith', 'amount': '₹3160'}"
pay jon using abc@paytm.,send money,"{'recipient': 'jon', 'upi_id': 'abc@paytm'}"
send ₹4652 to john.,send money,"{'recipient': 'john', 'amount': '₹4652'}"
make a payment of ₹1635 to user@upi.,send money,"{'amount': '₹1635', 'upi_id': 'user@upi'}"
pay jon using someone@ybl.,send money,"{'recipient': 'jon', 'upi_id': 'someone@ybl'}"
transfer ₹1079 to someone@ybl.,send money,"{'upi_id': 'someone@ybl', 'amount': '₹1079'}"
transfer ₹274 to someone@ybl.,send money,"{'upi_id': 'someone@ybl', 'amount': '₹274'}"
transfer ₹2617 to user@upi.,send money,"{'upi_id': 'user@upi', 'amount': '₹2617'}"
transfer ₹4797 to user@upi.,send money,"{'upi_id': 'user@upi', 'amount': '₹4797'}"
send ₹3023 to john.,send money,"{'recipient': 'john', 'amount': '₹3023'}"
pay bob smith using xyz@okhdfcbank.,send money,"{'recipient': 'bob smith', 'upi_id': 'xyz@okhdfcbank'}"
send ₹3671 to john.,send money,"{'recipient': 'john', 'amount': '₹3671'}"
make a payment of ₹1818 to random@oksbi.,send money,"{'amount': '₹1818', 'upi_id': 'random@oksbi'}"
pay rob using random@oksbi.,send money,"{'recipient': 'rob', 'upi_id': 'random@oksbi'}"
make a payment of ₹2676 to abc@paytm.,send money,"{'amount': '₹2676', 'upi_id': 'abc@paytm'}"
transfer ₹4250 to user@upi.,send money,"{'upi_id': 'user@upi', 'amount': '₹4250'}"
transfer ₹3856 to xyz@okhdfcbank.,send money,"{'upi_id': 'xyz@okhdfcbank', 'amount': '₹3856'}"
make a payment of ₹3654 to abc@paytm.,send money,"{'amount': '₹3654', 'upi_id': 'abc@paytm'}"
make a payment of ₹3705 to random@oksbi.,send money,"{'amount': '₹3705', 'upi_id': 'random@oksbi'}"
pay robert using random@oksbi.,send money,"{'recipient': 'robert', 'upi_id': 'random@oksbi'}"
send ₹4096 to robert.,send money,"{'recipient': 'robert', 'amount': '₹4096'}"
transfer ₹2595 to someone@ybl.,send money,"{'upi_id': 'someone@ybl', 'amount': '₹2595'}"
pay alice using user@upi.,send money,"{'recipient': 'alice', 'upi_id': 'user@upi'}"
send ₹3263 to john.,send money,"{'recipient': 'john', 'amount': '₹3263'}"
send ₹1418 to john.,send money,"{'recipient': 'john', 'amount': '₹1418'}"
send money to +91-7890123456.,send money,{'phone_number': '+91-7890123456'}
transfer ₹3498 to abc@paytm.,send money,"{'upi_id': 'abc@paytm', 'amount': '₹3498'}"
pay john doe using someone@ybl.,send money,"{'recipient': 'john doe', 'upi_id': 'someone@ybl'}"
pay john using someone@ybl.,send money,"{'recipient': 'john', 'upi_id': 'someone@ybl'}"
send ₹4298 to johnny.,send money,"{'recipient': 'johnny', 'amount': '₹4298'}"
pay robert using user@upi.,send money,"{'recipient': 'robert', 'upi_id': 'user@upi'}"
send ₹702 to john doe.,send money,"{'recipient': 'john doe', 'amount': '₹702'}"
pay rob using someone@ybl.,send money,"{'recipient': 'rob', 'upi_id': 'someone@ybl'}"
send ₹2390 to bob smith.,send money,"{'recipient': 'bob smith', 'amount': '₹2390'}"
send money to 9123456789.,send money,{'phone_number': '9123456789'}
transfer ₹2888 to abc@paytm.,send money,"{'upi_id': 'abc@paytm', 'amount': '₹2888'}"
transfer ₹2638 to user@upi.,send money,"{'upi_id': 'user@upi', 'amount': '₹2638'}"
transfer ₹2165 to user@upi.,send money,"{'upi_id': 'user@upi', 'amount': '₹2165'}"
send ₹2087 to bob smith.,send money,"{'recipient': 'bob smith', 'amount': '₹2087'}"
send money to 9123456789.,send money,{'phone_number': '9123456789'}
send ₹543 to john.,send money,"{'recipient': 'john', 'amount': '₹543'}"
make a payment of ₹4676 to someone@ybl.,send money,"{'amount': '₹4676', 'upi_id': 'someone@ybl'}"
send ₹1339 to alice.,send money,"{'recipient': 'alice', 'amount': '₹1339'}"
pay john doe using abc@paytm.,send money,"{'recipient': 'john doe', 'upi_id': 'abc@paytm'}"
make a payment of ₹689 to xyz@okhdfcbank.,send money,"{'amount': '₹689', 'upi_id': 'xyz@okhdfcbank'}"
send ₹404 to john doe.,send money,"{'recipient': 'john doe', 'amount': '₹404'}"
send money to 98765 43210.,send money,{'phone_number': '98765 43210'}
make a payment of ₹4454 to xyz@okhdfcbank.,send money,"{'amount': '₹4454', 'upi_id': 'xyz@okhdfcbank'}"
pay rob using user@upi.,send money,"{'recipient': 'rob', 'upi_id': 'user@upi'}"
pay alice using xyz@okhdfcbank.,send money,"{'recipient': 'alice', 'upi_id': 'xyz@okhdfcbank'}"
send ₹2812 to bob smith.,send money,"{'recipient': 'bob smith', 'amount': '₹2812'}"
pay johnny using user@upi.,send money,"{'recipient': 'johnny', 'upi_id': 'user@upi'}"
pay rob using someone@ybl.,send money,"{'recipient': 'rob', 'upi_id': 'someone@ybl'}"
transfer ₹1865 to user@upi.,send money,"{'upi_id': 'user@upi', 'amount': '₹1865'}"
pay alice using random@oksbi.,send money,"{'recipient': 'alice', 'upi_id': 'random@oksbi'}"
pay john doe using someone@ybl.,send money,"{'recipient': 'john doe', 'upi_id': 'someone@ybl'}"
send money to 98765 43210.,send money,{'phone_number': '98765 43210'}
transfer ₹2699 to someone@ybl.,send money,"{'upi_id': 'someone@ybl', 'amount': '₹2699'}"
transfer ₹3981 to xyz@okhdfcbank.,send money,"{'upi_id': 'xyz@okhdfcbank', 'amount': '₹3981'}"
make a payment of ₹4019 to user@upi.,send money,"{'amount': '₹4019', 'upi_id': 'user@upi'}"
transfer ₹3846 to random@oksbi.,send money,"{'upi_id': 'random@oksbi', 'amount': '₹3846'}"
send ₹4335 to robert.,send money,"{'recipient': 'robert', 'amount': '₹4335'}"
send ₹596 to jon.,send money,"{'recipient': 'jon', 'amount': '₹596'}"
send ₹415 to bob smith.,send money,"{'recipient': 'bob smith', 'amount': '₹415'}"
transfer ₹1903 to abc@paytm.,send money,"{'upi_id': 'abc@paytm', 'amount': '₹1903'}"
transfer ₹1758 to random@oksbi.,send money,"{'upi_id': 'random@oksbi', 'amount': '₹1758'}"
make a payment of ₹4074 to abc@paytm.,send money,"{'amount': '₹4074', 'upi_id': 'abc@paytm'}"
make a payment of ₹1457 to xyz@okhdfcbank.,send money,"{'amount': '₹1457', 'upi_id': 'xyz@okhdfcbank'}"
make a payment of ₹970 to xyz@okhdfcbank.,send money,"{'amount': '₹970', 'upi_id': 'xyz@okhdfcbank'}"
send money to +91 9876543210.,send money,{'phone_number': '+91 9876543210'}
transfer ₹1861 to xyz@okhdfcbank.,send money,"{'upi_id': 'xyz@okhdfcbank', 'amount': '₹1861'}"
pay bob smith using random@oksbi.,send money,"{'recipient': 'bob smith', 'upi_id': 'random@oksbi'}"
make a payment of ₹2483 to user@upi.,send money,"{'amount': '₹2483', 'upi_id': 'user@upi'}"
pay johnny using someone@ybl.,send money,"{'recipient': 'johnny', 'upi_id': 'someone@ybl'}"
pay bob smith using random@oksbi.,send money,"{'recipient': 'bob smith', 'upi_id': 'random@oksbi'}"
send ₹451 to john doe.,send money,"{'recipient': 'john doe', 'amount': '₹451'}"
send ₹2896 to rob.,send money,"{'recipient': 'rob', 'amount': '₹2896'}"
pay robert using xyz@okhdfcbank.,send money,"{'recipient': 'robert', 'upi_id': 'xyz@okhdfcbank'}"
send ₹4216 to alice.,send money,"{'recipient': 'alice', 'amount': '₹4216'}"
send money to +91-7890123456.,send money,{'phone_number': '+91-7890123456'}
pay john using abc@paytm.,send money,"{'recipient': 'john', 'upi_id': 'abc@paytm'}"
send ₹618 to bob smith.,send money,"{'recipient': 'bob smith', 'amount': '₹618'}"
send money to 9123456789.,send money,{'phone_number': '9123456789'}
send money to 9123456789.,send money,{'phone_number': '9123456789'}
pay john doe using xyz@okhdfcbank.,send money,"{'recipient': 'john doe', 'upi_id': 'xyz@okhdfcbank'}"
pay john doe using random@oksbi.,send money,"{'recipient': 'john doe', 'upi_id': 'random@oksbi'}"
pay rob using xyz@okhdfcbank.,send money,"{'recipient': 'rob', 'upi_id': 'xyz@okhdfcbank'}"
make a payment of ₹4672 to someone@ybl.,send money,"{'amount': '₹4672', 'upi_id': 'someone@ybl'}"
send money to 9123456789.,send money,{'phone_number': '9123456789'}
transfer ₹3040 to xyz@okhdfcbank.,send money,"{'upi_id': 'xyz@okhdfcbank', 'amount': '₹3040'}"
send ₹1973 to john doe.,send money,"{'recipient': 'john doe', 'amount': '₹1973'}"
transfer ₹521 to someone@ybl.,send money,"{'upi_id': 'someone@ybl', 'amount': '₹521'}"
send money to +91-7890123456.,send money,{'phone_number': '+91-7890123456'}
send money to +91-7890123456.,send money,{'phone_number': '+91-7890123456'}
send ₹2492 to alice.,send money,"{'recipient': 'alice', 'amount': '₹2492'}"
send money to +91 9876543210.,send money,{'phone_number': '+91 9876543210'}
make a payment of ₹3610 to user@upi.,send money,"{'amount': '₹3610', 'upi_id': 'user@upi'}"
transfer ₹1123 to xyz@okhdfcbank.,send money,"{'upi_id': 'xyz@okhdfcbank', 'amount': '₹1123'}"
transfer ₹4830 to xyz@okhdfcbank.,send money,"{'upi_id': 'xyz@okhdfcbank', 'amount': '₹4830'}"
send money to +91 9876543210.,send money,{'phone_number': '+91 9876543210'}
make a payment of ₹443 to user@upi.,send money,"{'amount': '₹443', 'upi_id': 'user@upi'}"
make a payment of ₹3349 to someone@ybl.,send money,"{'amount': '₹3349', 'upi_id': 'someone@ybl'}"
make a payment of ₹1265 to abc@paytm.,send money,"{'amount': '₹1265', 'upi_id': 'abc@paytm'}"
send ₹1166 to robert.,send money,"{'recipient': 'robert', 'amount': '₹1166'}"
pay john doe using someone@ybl.,send money,"{'recipient': 'john doe', 'upi_id': 'someone@ybl'}"
make a payment of ₹3281 to user@upi.,send money,"{'amount': '₹3281', 'upi_id': 'user@upi'}"
send ₹1419 to jon.,send money,"{'recipient': 'jon', 'amount': '₹1419'}"
transfer ₹553 to xyz@okhdfcbank.,send money,"{'upi_id': 'xyz@okhdfcbank', 'amount': '₹553'}"
pay bob smith using someone@ybl.,send money,"{'recipient': 'bob smith', 'upi_id': 'someone@ybl'}"
pay robert using random@oksbi.,send money,"{'recipient': 'robert', 'upi_id': 'random@oksbi'}"
send ₹3027 to alice.,send money,"{'recipient': 'alice', 'amount': '₹3027'}"
transfer ₹2832 to user@upi.,send money,"{'upi_id': 'user@upi', 'amount': '₹2832'}"
send money to +91 9876543210.,send money,{'phone_number': '+91 9876543210'}
transfer ₹4097 to user@upi.,send money,"{'upi_id': 'user@upi', 'amount': '₹4097'}"
make a payment of ₹1610 to user@upi.,send money,"{'amount': '₹1610', 'upi_id': 'user@upi'}"
transfer ₹927 to random@oksbi.,send money,"{'upi_id': 'random@oksbi', 'amount': '₹927'}"
send ₹3329 to jon.,send money,"{'recipient': 'jon', 'amount': '₹3329'}"
transfer ₹988 to user@upi.,send money,"{'upi_id': 'user@upi', 'amount': '₹988'}"
send money to +91-7890123456.,send money,{'phone_number': '+91-7890123456'}
pay robert using random@oksbi.,send money,"{'recipient': 'robert', 'upi_id': 'random@oksbi'}"
pay robert using xyz@okhdfcbank.,send money,"{'recipient': 'robert', 'upi_id': 'xyz@okhdfcbank'}"
send money to 9123456789.,send money,{'phone_number': '9123456789'}
send money to 9123456789.,send money,{'phone_number': '9123456789'}
transfer ₹184 to abc@paytm.,send money,"{'upi_id': 'abc@paytm', 'amount': '₹184'}"
transfer ₹539 to xyz@okhdfcbank.,send money,"{'upi_id': 'xyz@okhdfcbank', 'amount': '₹539'}"
pay johnny using abc@paytm.,send money,"{'recipient': 'johnny', 'upi_id': 'abc@paytm'}"
pay bob smith using abc@paytm.,send money,"{'recipient': 'bob smith', 'upi_id': 'abc@paytm'}"
send money to +91 9876543210.,send money,{'phone_number': '+91 9876543210'}
send money to 9123456789.,send money,{'phone_number': '9123456789'}
transfer ₹3188 to user@upi.,send money,"{'upi_id': 'user@upi', 'amount': '₹3188'}"
pay alice using someone@ybl.,send money,"{'recipient': 'alice', 'upi_id': 'someone@ybl'}"
send ₹2234 to robert.,send money,"{'recipient': 'robert', 'amount': '₹2234'}"
pay johnny using someone@ybl.,send money,"{'recipient': 'johnny', 'upi_id': 'someone@ybl'}"
make a payment of ₹3096 to user@upi.,send money,"{'amount': '₹3096', 'upi_id': 'user@upi'}"
send ₹4777 to john.,send money,"{'recipient': 'john', 'amount': '₹4777'}"
transfer ₹722 to random@oksbi.,send money,"{'upi_id': 'random@oksbi', 'amount': '₹722'}"
make a payment of ₹4151 to abc@paytm.,send money,"{'amount': '₹4151', 'upi_id': 'abc@paytm'}"
make a payment of ₹3123 to someone@ybl.,send money,"{'amount': '₹3123', 'upi_id': 'someone@ybl'}"
transfer ₹1628 to xyz@okhdfcbank.,send money,"{'upi_id': 'xyz@okhdfcbank', 'amount': '₹1628'}"
pay alice using someone@ybl.,send money,"{'recipient': 'alice', 'upi_id': 'someone@ybl'}"
pay john doe using someone@ybl.,send money,"{'recipient': 'john doe', 'upi_id': 'someone@ybl'}"
make a payment of ₹2357 to someone@ybl.,send money,"{'amount': '₹2357', 'upi_id': 'someone@ybl'}"
transfer ₹4956 to random@oksbi.,send money,"{'upi_id': 'random@oksbi', 'amount': '₹4956'}"
send ₹1346 to john.,send money,"{'recipient': 'john', 'amount': '₹1346'}"
send ₹4601 to jon.,send money,"{'recipient': 'jon', 'amount': '₹4601'}"
send ₹714 to john.,send money,"{'recipient': 'john', 'amount': '₹714'}"
send ₹253 to rob.,send money,"{'recipient': 'rob', 'amount': '₹253'}"
send ₹4365 to john.,send money,"{'recipient': 'john', 'amount': '₹4365'}"
transfer ₹1428 to abc@paytm.,send money,"{'upi_id': 'abc@paytm', 'amount': '₹1428'}"
make a payment of ₹1324 to xyz@okhdfcbank.,send money,"{'amount': '₹1324', 'upi_id': 'xyz@okhdfcbank'}"
send ₹3912 to jon.,send money,"{'recipient': 'jon', 'amount': '₹3912'}"
send money to +91-7890123456.,send money,{'phone_number': '+91-7890123456'}
send ₹4847 to jon.,send money,"{'recipient': 'jon', 'amount': '₹4847'}"
pay robert using xyz@okhdfcbank.,send money,"{'recipient': 'robert', 'upi_id': 'xyz@okhdfcbank'}"
pay rob using someone@ybl.,send money,"{'recipient': 'rob', 'upi_id': 'someone@ybl'}"
make a payment of ₹4239 to abc@paytm.,send money,"{'amount': '₹4239', 'upi_id': 'abc@paytm'}"
send money to 9123456789.,send money,{'phone_number': '9123456789'}
send ₹2410 to john doe.,send money,"{'recipient': 'john doe', 'amount': '₹2410'}"
make a payment of ₹1261 to abc@paytm.,send money,"{'amount': '₹1261', 'upi_id': 'abc@paytm'}"
transfer ₹1063 to xyz@okhdfcbank.,send money,"{'upi_id': 'xyz@okhdfcbank', 'amount': '₹1063'}"
transfer ₹2856 to someone@ybl.,send money,"{'upi_id': 'someone@ybl', 'amount': '₹2856'}"
transfer ₹3360 to abc@paytm.,send money,"{'upi_id': 'abc@paytm', 'amount': '₹3360'}"
make a payment of ₹3313 to random@oksbi.,send money,"{'amount': '₹3313', 'upi_id': 'random@oksbi'}"
send ₹4904 to jon.,send money,"{'recipient': 'jon', 'amount': '₹4904'}"
transfer ₹303 to random@oksbi.,send money,"{'upi_id': 'random@oksbi', 'amount': '₹303'}"
send ₹1528 to jon.,send money,"{'recipient': 'jon', 'amount': '₹1528'}"
send money to +91 9876543210.,send money,{'phone_number': '+91 9876543210'}
transfer ₹406 to user@upi.,send money,"{'upi_id': 'user@upi', 'amount': '₹406'}"
send ₹2936 to bob smith.,send money,"{'recipient': 'bob smith', 'amount': '₹2936'}"
transfer ₹3358 to someone@ybl.,send money,"{'upi_id': 'someone@ybl', 'amount': '₹3358'}"
make a payment of ₹4601 to random@oksbi.,send money,"{'amount': '₹4601', 'upi_id': 'random@oksbi'}"
transfer ₹1497 to xyz@okhdfcbank.,send money,"{'upi_id': 'xyz@okhdfcbank', 'amount': '₹1497'}"
pay robert using user@upi.,send money,"{'recipient': 'robert', 'upi_id': 'user@upi'}"
send money to 98765 43210.,send money,{'phone_number': '98765 43210'}
transfer ₹2420 to random@oksbi.,send money,"{'upi_id': 'random@oksbi', 'amount': '₹2420'}"
send ₹4359 to bob smith.,send money,"{'recipient': 'bob smith', 'amount': '₹4359'}"
send money to 9123456789.,send money,{'phone_number': '9123456789'}
make a payment of ₹1368 to user@upi.,send money,"{'amount': '₹1368', 'upi_id': 'user@upi'}"
pay jon using user@upi.,send money,"{'recipient': 'jon', 'upi_id': 'user@upi'}"
make a payment of ₹1317 to random@oksbi.,send money,"{'amount': '₹1317', 'upi_id': 'random@oksbi'}"
pay john using someone@ybl.,send money,"{'recipient': 'john', 'upi_id': 'someone@ybl'}"
send money to +91 9876543210.,send money,{'phone_number': '+91 9876543210'}
transfer ₹4447 to abc@paytm.,send money,"{'upi_id': 'abc@paytm', 'amount': '₹4447'}"
make a payment of ₹838 to abc@paytm.,send money,"{'amount': '₹838', 'upi_id': 'abc@paytm'}"
send ₹870 to john doe.,send money,"{'recipient': 'john doe', 'amount': '₹870'}"
transfer ₹4140 to xyz@okhdfcbank.,send money,"{'upi_id': 'xyz@okhdfcbank', 'amount': '₹4140'}"
pay jon using someone@ybl.,send money,"{'recipient': 'jon', 'upi_id': 'someone@ybl'}"
send money to +91 9876543210.,send money,{'phone_number': '+91 9876543210'}
send money to +91-7890123456.,send money,{'phone_number': '+91-7890123456'}
send ₹3788 to alice.,send money,"{'recipient': 'alice', 'amount': '₹3788'}"
send ₹916 to alice.,send money,"{'recipient': 'alice', 'amount': '₹916'}"
send money to 98765 43210.,send money,{'phone_number': '98765 43210'}
send ₹2202 to robert.,send money,"{'recipient': 'robert', 'amount': '₹2202'}"
send money to +91 9876543210.,send money,{'phone_number': '+91 9876543210'}
transfer ₹2957 to abc@paytm.,send money,"{'upi_id': 'abc@paytm', 'amount': '₹2957'}"
make a payment of ₹2481 to abc@paytm.,send money,"{'amount': '₹2481', 'upi_id': 'abc@paytm'}"
transfer ₹354 to xyz@okhdfcbank.,send money,"{'upi_id': 'xyz@okhdfcbank', 'amount': '₹354'}"
send money to +91-7890123456.,send money,{'phone_number': '+91-7890123456'}
send money to 9123456789.,send money,{'phone_number': '9123456789'}
send money to 9123456789.,send money,{'phone_number': '9123456789'}
send money to 98765 43210.,send money,{'phone_number': '98765 43210'}
pay jon using user@upi.,send money,"{'recipient': 'jon', 'upi_id': 'user@upi'}"
make a payment of ₹3274 to someone@ybl.,send money,"{'amount': '₹3274', 'upi_id': 'someone@ybl'}"
make a payment of ₹763 to user@upi.,send money,"{'amount': '₹763', 'upi_id': 'user@upi'}"
make a payment of ₹142 to random@oksbi.,send money,"{'amount': '₹142', 'upi_id': 'random@oksbi'}"
transfer ₹3481 to user@upi.,send money,"{'upi_id': 'user@upi', 'amount': '₹3481'}"
transfer ₹2147 to xyz@okhdfcbank.,send money,"{'upi_id': 'xyz@okhdfcbank', 'amount': '₹2147'}"
transfer ₹2148 to abc@paytm.,send money,"{'upi_id': 'abc@paytm', 'amount': '₹2148'}"
send money to 9123456789.,send money,{'phone_number': '9123456789'}
pay john doe using user@upi.,send money,"{'recipient': 'john doe', 'upi_id': 'user@upi'}"
send money to +91 9876543210.,send money,{'phone_number': '+91 9876543210'}
send ₹1739 to rob.,send money,"{'recipient': 'rob', 'amount': '₹1739'}"
make a payment of ₹4885 to user@upi.,send money,"{'amount': '₹4885', 'upi_id': 'user@upi'}"
make a payment of ₹4132 to someone@ybl.,send money,"{'amount': '₹4132', 'upi_id': 'someone@ybl'}"
make a payment of ₹2722 to someone@ybl.,send money,"{'amount': '₹2722', 'upi_id': 'someone@ybl'}"
send money to +91 9876543210.,send money,{'phone_number': '+91 9876543210'}
transfer ₹330 to xyz@okhdfcbank.,send money,"{'upi_id': 'xyz@okhdfcbank', 'amount': '₹330'}"
make a payment of ₹3065 to abc@paytm.,send money,"{'amount': '₹3065', 'upi_id': 'abc@paytm'}"
send money to +91 9876543210.,send money,{'phone_number': '+91 9876543210'}
transfer ₹4842 to user@upi.,send money,"{'upi_id': 'user@upi', 'amount': '₹4842'}"
send ₹1773 to john.,send money,"{'recipient': 'john', 'amount': '₹1773'}"
send ₹4108 to johnny.,send money,"{'recipient': 'johnny', 'amount': '₹4108'}"
pay john using abc@paytm.,send money,"{'recipient': 'john', 'upi_id': 'abc@paytm'}"
send ₹4106 to johnny.,send money,"{'recipient': 'johnny', 'amount': '₹4106'}"
send ₹3001 to robert.,send money,"{'recipient': 'robert', 'amount': '₹3001'}"
pay bob smith using user@upi.,send money,"{'recipient': 'bob smith', 'upi_id': 'user@upi'}"
pay alice using someone@ybl.,send money,"{'recipient': 'alice', 'upi_id': 'someone@ybl'}"
transfer ₹3376 to random@oksbi.,send money,"{'upi_id': 'random@oksbi', 'amount': '₹3376'}"
send money to 98765 43210.,send money,{'phone_number': '98765 43210'}
make a payment of ₹968 to random@oksbi.,send money,"{'amount': '₹968', 'upi_id': 'random@oksbi'}"
send ₹862 to rob.,send money,"{'recipient': 'rob', 'amount': '₹862'}"
send ₹2987 to rob.,send money,"{'recipient': 'rob', 'amount': '₹2987'}"
make a payment of ₹545 to someone@ybl.,send money,"{'amount': '₹545', 'upi_id': 'someone@ybl'}"
make a payment of ₹3810 to user@upi.,send money,"{'amount': '₹3810', 'upi_id': 'user@upi'}"
send ₹1012 to rob.,send money,"{'recipient': 'rob', 'amount': '₹1012'}"
send money to 9123456789.,send money,{'phone_number': '9123456789'}
send ₹245 to john.,send money,"{'recipient': 'john', 'amount': '₹245'}"
make a payment of ₹4217 to abc@paytm.,send money,"{'amount': '₹4217', 'upi_id': 'abc@paytm'}"
send money to 98765 43210.,send money,{'phone_number': '98765 43210'}
transfer ₹2248 to user@upi.,send money,"{'upi_id': 'user@upi', 'amount': '₹2248'}"
transfer ₹1662 to random@oksbi.,send money,"{'upi_id': 'random@oksbi', 'amount': '₹1662'}"
pay john doe using abc@paytm.,send money,"{'recipient': 'john doe', 'upi_id': 'abc@paytm'}"
make a payment of ₹2690 to user@upi.,send money,"{'amount': '₹2690', 'upi_id': 'user@upi'}"
send ₹3970 to johnny.,send money,"{'recipient': 'johnny', 'amount': '₹3970'}"
send money to +91-7890123456.,send money,{'phone_number': '+91-7890123456'}
send ₹4896 to jon.,send money,"{'recipient': 'jon', 'amount': '₹4896'}"
pay rob using someone@ybl.,send money,"{'recipient': 'rob', 'upi_id': 'someone@ybl'}"
pay rob using someone@ybl.,send money,"{'recipient': 'rob', 'upi_id': 'someone@ybl'}"
send ₹1228 to john doe.,send money,"{'recipient': 'john doe', 'amount': '₹1228'}"
make a payment of ₹2282 to user@upi.,send money,"{'amount': '₹2282', 'upi_id': 'user@upi'}"
send money to 98765 43210.,send money,{'phone_number': '98765 43210'}
send money to 98765 43210.,send money,{'phone_number': '98765 43210'}
transfer ₹2067 to random@oksbi.,send money,"{'upi_id': 'random@oksbi', 'amount': '₹2067'}"
send ₹2495 to bob smith.,send money,"{'recipient': 'bob smith', 'amount': '₹2495'}"
send money to +91-7890123456.,send money,{'phone_number': '+91-7890123456'}
send money to 9123456789.,send money,{'phone_number': '9123456789'}
make a payment of ₹4887 to abc@paytm.,send money,"{'amount': '₹4887', 'upi_id': 'abc@paytm'}"
send money to 9123456789.,send money,{'phone_number': '9123456789'}
send ₹2092 to jon.,send money,"{'recipient': 'jon', 'amount': '₹2092'}"
send money to +91 9876543210.,send money,{'phone_number': '+91 9876543210'}
make a payment of ₹156 to xyz@okhdfcbank.,send money,"{'amount': '₹156', 'upi_id': 'xyz@okhdfcbank'}"
send ₹3388 to john doe.,send money,"{'recipient': 'john doe', 'amount': '₹3388'}"
transfer ₹2267 to someone@ybl.,send money,"{'upi_id': 'someone@ybl', 'amount': '₹2267'}"
transfer ₹1524 to someone@ybl.,send money,"{'upi_id': 'someone@ybl', 'amount': '₹1524'}"
send money to +91 9876543210.,send money,{'phone_number': '+91 9876543210'}
make a payment of ₹4512 to someone@ybl.,send money,"{'amount': '₹4512', 'upi_id': 'someone@ybl'}"
pay john using user@upi.,send money,"{'recipient': 'john', 'upi_id': 'user@upi'}"
send money to +91-7890123456.,send money,{'phone_number': '+91-7890123456'}
send ₹4620 to alice.,send money,"{'recipient': 'alice', 'amount': '₹4620'}"
send money to 9123456789.,send money,{'phone_number': '9123456789'}
send ₹4854 to rob.,send money,"{'recipient': 'rob', 'amount': '₹4854'}"
send ₹2591 to john doe.,send money,"{'recipient': 'john doe', 'amount': '₹2591'}"
transfer ₹4204 to random@oksbi.,send money,"{'upi_id': 'random@oksbi', 'amount': '₹4204'}"
transfer ₹2046 to xyz@okhdfcbank.,send money,"{'upi_id': 'xyz@okhdfcbank', 'amount': '₹2046'}"
pay johnny using user@upi.,send money,"{'recipient': 'johnny', 'upi_id': 'user@upi'}"
send ₹4489 to alice.,send money,"{'recipient': 'alice', 'amount': '₹4489'}"
send money to +91 9876543210.,send money,{'phone_number': '+91 9876543210'}
pay jon using random@oksbi.,send money,"{'recipient': 'jon', 'upi_id': 'random@oksbi'}"
pay alice using someone@ybl.,send money,"{'recipient': 'alice', 'upi_id': 'someone@ybl'}"
pay jon using random@oksbi.,send money,"{'recipient': 'jon', 'upi_id': 'random@oksbi'}"
transfer ₹2329 to someone@ybl.,send money,"{'upi_id': 'someone@ybl', 'amount': '₹2329'}"
pay johnny using xyz@okhdfcbank.,send money,"{'recipient': 'johnny', 'upi_id': 'xyz@okhdfcbank'}"
make a payment of ₹579 to abc@paytm.,send money,"{'amount': '₹579', 'upi_id': 'abc@paytm'}"
send ₹4542 to rob.,send money,"{'recipient': 'rob', 'amount': '₹4542'}"
send ₹3548 to robert.,send money,"{'recipient': 'robert', 'amount': '₹3548'}"
send ₹140 to alice.,send money,"{'recipient': 'alice', 'amount': '₹140'}"
transfer ₹1783 to xyz@okhdfcbank.,send money,"{'upi_id': 'xyz@okhdfcbank', 'amount': '₹1783'}"
send money to +91-7890123456.,send money,{'phone_number': '+91-7890123456'}
transfer ₹1740 to random@oksbi.,send money,"{'upi_id': 'random@oksbi', 'amount': '₹1740'}"
pay rob using random@oksbi.,send money,"{'recipient': 'rob', 'upi_id': 'random@oksbi'}"
pay john doe using xyz@okhdfcbank.,send money,"{'recipient': 'john doe', 'upi_id': 'xyz@okhdfcbank'}"
send money to +91-7890123456.,send money,{'phone_number': '+91-7890123456'}
pay johnny using xyz@okhdfcbank.,send money,"{'recipient': 'johnny', 'upi_id': 'xyz@okhdfcbank'}"
send money to 9123456789.,send money,{'phone_number': '9123456789'}
transfer ₹2207 to someone@ybl.,send money,"{'upi_id': 'someone@ybl', 'amount': '₹2207'}"
send ₹4865 to rob.,send money,"{'recipient': 'rob', 'amount': '₹4865'}"
make a payment of ₹4981 to user@upi.,send money,"{'amount': '₹4981', 'upi_id': 'user@upi'}"
pay jon using random@oksbi.,send money,"{'recipient': 'jon', 'upi_id': 'random@oksbi'}"
send ₹1989 to john doe.,send money,"{'recipient': 'john doe', 'amount': '₹1989'}"
transfer ₹2712 to abc@paytm.,send money,"{'upi_id': 'abc@paytm', 'amount': '₹2712'}"
transfer ₹2270 to someone@ybl.,send money,"{'upi_id': 'someone@ybl', 'amount': '₹2270'}"
send ₹3620 to john doe.,send money,"{'recipient': 'john doe', 'amount': '₹3620'}"
pay jon using abc@paytm.,send money,"{'recipient': 'jon', 'upi_id': 'abc@paytm'}"
send ₹3348 to johnny.,send money,"{'recipient': 'johnny', 'amount': '₹3348'}"
send money to 9123456789.,send money,{'phone_number': '9123456789'}
transfer ₹1787 to xyz@okhdfcbank.,send money,"{'upi_id': 'xyz@okhdfcbank', 'amount': '₹1787'}"
send ₹2043 to robert.,send money,"{'recipient': 'robert', 'amount': '₹2043'}"
send ₹2869 to robert.,send money,"{'recipient': 'robert', 'amount': '₹2869'}"
transfer ₹1804 to someone@ybl.,send money,"{'upi_id': 'someone@ybl', 'amount': '₹1804'}"
transfer ₹726 to xyz@okhdfcbank.,send money,"{'upi_id': 'xyz@okhdfcbank', 'amount': '₹726'}"
send ₹809 to alice.,send money,"{'recipient': 'alice', 'amount': '₹809'}"
make a payment of ₹988 to user@upi.,send money,"{'amount': '₹988', 'upi_id': 'user@upi'}"
send money to +91 9876543210.,send money,{'phone_number': '+91 9876543210'}
send ₹4349 to robert.,send money,"{'recipient': 'robert', 'amount': '₹4349'}"
pay johnny using user@upi.,send money,"{'recipient': 'johnny', 'upi_id': 'user@upi'}"
send ₹4617 to rob.,send money,"{'recipient': 'rob', 'amount': '₹4617'}"
send ₹2340 to robert.,send money,"{'recipient': 'robert', 'amount': '₹2340'}"
transfer ₹4779 to user@upi.,send money,"{'upi_id': 'user@upi', 'amount': '₹4779'}"
send ₹155 to robert.,send money,"{'recipient': 'robert', 'amount': '₹155'}"
pay alice using abc@paytm.,send money,"{'recipient': 'alice', 'upi_id': 'abc@paytm'}"
transfer ₹292 to abc@paytm.,send money,"{'upi_id': 'abc@paytm', 'amount': '₹292'}"
send money to 98765 43210.,send money,{'phone_number': '98765 43210'}
send money to 9123456789.,send money,{'phone_number': '9123456789'}
transfer ₹3609 to user@upi.,send money,"{'upi_id': 'user@upi', 'amount': '₹3609'}"
send ₹156 to robert.,send money,"{'recipient': 'robert', 'amount': '₹156'}"
pay bob smith using user@upi.,send money,"{'recipient': 'bob smith', 'upi_id': 'user@upi'}"
pay john using someone@ybl.,send money,"{'recipient': 'john', 'upi_id': 'someone@ybl'}"
send money to 9123456789.,send money,{'phone_number': '9123456789'}
send ₹2329 to jon.,send money,"{'recipient': 'jon', 'amount': '₹2329'}"
make a payment of ₹1636 to someone@ybl.,send money,"{'amount': '₹1636', 'upi_id': 'someone@ybl'}"
send ₹4080 to robert.,send money,"{'recipient': 'robert', 'amount': '₹4080'}"
send ₹1350 to jon.,send money,"{'recipient': 'jon', 'amount': '₹1350'}"
send ₹3069 to robert.,send money,"{'recipient': 'robert', 'amount': '₹3069'}"
send ₹4948 to bob smith.,send money,"{'recipient': 'bob smith', 'amount': '₹4948'}"
send ₹589 to alice.,send money,"{'recipient': 'alice', 'amount': '₹589'}"
send money to +91-7890123456.,send money,{'phone_number': '+91-7890123456'}
make a payment of ₹4130 to xyz@okhdfcbank.,send money,"{'amount': '₹4130', 'upi_id': 'xyz@okhdfcbank'}"
transfer ₹2092 to abc@paytm.,send money,"{'upi_id': 'abc@paytm', 'amount': '₹2092'}"
pay alice using user@upi.,send money,"{'recipient': 'alice', 'upi_id': 'user@upi'}"
send ₹3657 to johnny.,send money,"{'recipient': 'johnny', 'amount': '₹3657'}"
transfer ₹3662 to random@oksbi.,send money,"{'upi_id': 'random@oksbi', 'amount': '₹3662'}"
send money to 98765 43210.,send money,{'phone_number': '98765 43210'}
send ₹2909 to rob.,send money,"{'recipient': 'rob', 'amount': '₹2909'}"
pay rob using someone@ybl.,send money,"{'recipient': 'rob', 'upi_id': 'someone@ybl'}"
send money to +91 9876543210.,send money,{'phone_number': '+91 9876543210'}
transfer ₹568 to user@upi.,send money,"{'upi_id': 'user@upi', 'amount': '₹568'}"
transfer ₹1985 to someone@ybl.,send money,"{'upi_id': 'someone@ybl', 'amount': '₹1985'}"
make a payment of ₹2044 to user@upi.,send money,"{'amount': '₹2044', 'upi_id': 'user@upi'}"
pay john doe using random@oksbi.,send money,"{'recipient': 'john doe', 'upi_id': 'random@oksbi'}"
transfer ₹4093 to someone@ybl.,send money,"{'upi_id': 'someone@ybl', 'amount': '₹4093'}"
transfer ₹2378 to random@oksbi.,send money,"{'upi_id': 'random@oksbi', 'amount': '₹2378'}"
pay jon using user@upi.,send money,"{'recipient': 'jon', 'upi_id': 'user@upi'}"
send ₹1450 to john doe.,send money,"{'recipient': 'john doe', 'amount': '₹1450'}"
pay bob smith using user@upi.,send money,"{'recipient': 'bob smith', 'upi_id': 'user@upi'}"
pay rob using abc@paytm.,send money,"{'recipient': 'rob', 'upi_id': 'abc@paytm'}"
transfer ₹1990 to random@oksbi.,send money,"{'upi_id': 'random@oksbi', 'amount': '₹1990'}"
make a payment of ₹2155 to abc@paytm.,send money,"{'amount': '₹2155', 'upi_id': 'abc@paytm'}"
send money to 98765 43210.,send money,{'phone_number': '98765 43210'}
send ₹2315 to rob.,send money,"{'recipient': 'rob', 'amount': '₹2315'}"
send money to +91-7890123456.,send money,{'phone_number': '+91-7890123456'}
send ₹4897 to johnny.,send money,"{'recipient': 'johnny', 'amount': '₹4897'}"
pay johnny using user@upi.,send money,"{'recipient': 'johnny', 'upi_id': 'user@upi'}"
pay john using user@upi.,send money,"{'recipient': 'john', 'upi_id': 'user@upi'}"
make a payment of ₹3762 to someone@ybl.,send money,"{'amount': '₹3762', 'upi_id': 'someone@ybl'}"
make a payment of ₹246 to someone@ybl.,send money,"{'amount': '₹246', 'upi_id': 'someone@ybl'}"
make a payment of ₹523 to random@oksbi.,send money,"{'amount': '₹523', 'upi_id': 'random@oksbi'}"
pay robert using user@upi.,send money,"{'recipient': 'robert', 'upi_id': 'user@upi'}"
transfer ₹3851 to xyz@okhdfcbank.,send money,"{'upi_id': 'xyz@okhdfcbank', 'amount': '₹3851'}"
pay johnny using abc@paytm.,send money,"{'recipient': 'johnny', 'upi_id': 'abc@paytm'}"
send ₹1168 to rob.,send money,"{'recipient': 'rob', 'amount': '₹1168'}"
transfer ₹4468 to someone@ybl.,send money,"{'upi_id': 'someone@ybl', 'amount': '₹4468'}"
pay alice using xyz@okhdfcbank.,send money,"{'recipient': 'alice', 'upi_id': 'xyz@okhdfcbank'}"
make a payment of ₹4586 to abc@paytm.,send money,"{'amount': '₹4586', 'upi_id': 'abc@paytm'}"
pay john doe using user@upi.,send money,"{'recipient': 'john doe', 'upi_id': 'user@upi'}"
make a payment of ₹1110 to random@oksbi.,send money,"{'amount': '₹1110', 'upi_id': 'random@oksbi'}"
send money to 9123456789.,send money,{'phone_number': '9123456789'}
send ₹504 to jon.,send money,"{'recipient': 'jon', 'amount': '₹504'}"
transfer ₹4541 to xyz@okhdfcbank.,send money,"{'upi_id': 'xyz@okhdfcbank', 'amount': '₹4541'}"
send ₹1929 to alice.,send money,"{'recipient': 'alice', 'amount': '₹1929'}"
pay alice using xyz@okhdfcbank.,send money,"{'recipient': 'alice', 'upi_id': 'xyz@okhdfcbank'}"
make a payment of ₹2596 to user@upi.,send money,"{'amount': '₹2596', 'upi_id': 'user@upi'}"
pay jon using user@upi.,send money,"{'recipient': 'jon', 'upi_id': 'user@upi'}"
make a payment of ₹3845 to user@upi.,send money,"{'amount': '₹3845', 'upi_id': 'user@upi'}"
pay johnny using abc@paytm.,send money,"{'recipient': 'johnny', 'upi_id': 'abc@paytm'}"
pay alice using someone@ybl.,send money,"{'recipient': 'alice', 'upi_id': 'someone@ybl'}"
send ₹2386 to rob.,send money,"{'recipient': 'rob', 'amount': '₹2386'}"
send ₹1676 to bob smith.,send money,"{'recipient': 'bob smith', 'amount': '₹1676'}"
send ₹1288 to jon.,send money,"{'recipient': 'jon', 'amount': '₹1288'}"
transfer ₹213 to someone@ybl.,send money,"{'upi_id': 'someone@ybl', 'amount': '₹213'}"
transfer ₹1266 to user@upi.,send money,"{'upi_id': 'user@upi', 'amount': '₹1266'}"
send ₹1992 to robert.,send money,"{'recipient': 'robert', 'amount': '₹1992'}"
send money to +91 9876543210.,send money,{'phone_number': '+91 9876543210'}
send money to 98765 43210.,send money,{'phone_number': '98765 43210'}
send ₹3545 to jon.,send money,"{'recipient': 'jon', 'amount': '₹3545'}"
transfer ₹2774 to abc@paytm.,send money,"{'upi_id': 'abc@paytm', 'amount': '₹2774'}"
transfer ₹2646 to abc@paytm.,send money,"{'upi_id': 'abc@paytm', 'amount': '₹2646'}"
send ₹3225 to robert.,send money,"{'recipient': 'robert', 'amount': '₹3225'}"
send money to +91 9876543210.,send money,{'phone_number': '+91 9876543210'}
pay rob using user@upi.,send money,"{'recipient': 'rob', 'upi_id': 'user@upi'}"
transfer ₹3306 to random@oksbi.,send money,"{'upi_id': 'random@oksbi', 'amount': '₹3306'}"
pay robert using xyz@okhdfcbank.,send money,"{'recipient': 'robert', 'upi_id': 'xyz@okhdfcbank'}"
send money to 98765 43210.,send money,{'phone_number': '98765 43210'}
transfer ₹696 to xyz@okhdfcbank.,send money,"{'upi_id': 'xyz@okhdfcbank', 'amount': '₹696'}"
transfer ₹1454 to xyz@okhdfcbank.,send money,"{'upi_id': 'xyz@okhdfcbank', 'amount': '₹1454'}"
send ₹1177 to jon.,send money,"{'recipient': 'jon', 'amount': '₹1177'}"
transfer ₹4739 to xyz@okhdfcbank.,send money,"{'upi_id': 'xyz@okhdfcbank', 'amount': '₹4739'}"
pay rob using xyz@okhdfcbank.,send money,"{'recipient': 'rob', 'upi_id': 'xyz@okhdfcbank'}"
transfer ₹2780 to random@oksbi.,send money,"{'upi_id': 'random@oksbi', 'amount': '₹2780'}"
transfer ₹4797 to random@oksbi.,send money,"{'upi_id': 'random@oksbi', 'amount': '₹4797'}"
transfer ₹3284 to abc@paytm.,send money,"{'upi_id': 'abc@paytm', 'amount': '₹3284'}"
send ₹4952 to john.,send money,"{'recipient': 'john', 'amount': '₹4952'}"
transfer ₹3099 to abc@paytm.,send money,"{'upi_id': 'abc@paytm', 'amount': '₹3099'}"
send money to +91-7890123456.,send money,{'phone_number': '+91-7890123456'}
send money to +91-7890123456.,send money,{'phone_number': '+91-7890123456'}
send money to +91-7890123456.,send money,{'phone_number': '+91-7890123456'}
pay jon using abc@paytm.,send money,"{'recipient': 'jon', 'upi_id': 'abc@paytm'}"
pay alice using user@upi.,send money,"{'recipient': 'alice', 'upi_id': 'user@upi'}"
send money to +91 9876543210.,send money,{'phone_number': '+91 9876543210'}
send money to 9123456789.,send money,{'phone_number': '9123456789'}
send money to +91 9876543210.,send money,{'phone_number': '+91 9876543210'}
pay johnny using someone@ybl.,send money,"{'recipient': 'johnny', 'upi_id': 'someone@ybl'}"
transfer ₹2892 to someone@ybl.,send money,"{'upi_id': 'someone@ybl', 'amount': '₹2892'}"
send money to +91 9876543210.,send money,{'phone_number': '+91 9876543210'}
make a payment of ₹2827 to random@oksbi.,send money,"{'amount': '₹2827', 'upi_id': 'random@oksbi'}"
pay john using abc@paytm.,send money,"{'recipient': 'john', 'upi_id': 'abc@paytm'}"
send money to +91-7890123456.,send money,{'phone_number': '+91-7890123456'}
send ₹1235 to rob.,send money,"{'recipient': 'rob', 'amount': '₹1235'}"
transfer ₹4523 to user@upi.,send money,"{'upi_id': 'user@upi', 'amount': '₹4523'}"
pay jon using user@upi.,send money,"{'recipient': 'jon', 'upi_id': 'user@upi'}"
make a payment of ₹1631 to xyz@okhdfcbank.,send money,"{'amount': '₹1631', 'upi_id': 'xyz@okhdfcbank'}"
make a payment of ₹353 to random@oksbi.,send money,"{'amount': '₹353', 'upi_id': 'random@oksbi'}"
transfer ₹1989 to abc@paytm.,send money,"{'upi_id': 'abc@paytm', 'amount': '₹1989'}"
make a payment of ₹2130 to abc@paytm.,send money,"{'amount': '₹2130', 'upi_id': 'abc@paytm'}"
send money to 98765 43210.,send money,{'phone_number': '98765 43210'}
send money to 98765 43210.,send money,{'phone_number': '98765 43210'}
make a payment of ₹4363 to xyz@okhdfcbank.,send money,"{'amount': '₹4363', 'upi_id': 'xyz@okhdfcbank'}"
transfer ₹947 to someone@ybl.,send money,"{'upi_id': 'someone@ybl', 'amount': '₹947'}"
send money to 9123456789.,send money,{'phone_number': '9123456789'}
transfer ₹3950 to someone@ybl.,send money,"{'upi_id': 'someone@ybl', 'amount': '₹3950'}"
pay bob smith using user@upi.,send money,"{'recipient': 'bob smith', 'upi_id': 'user@upi'}"
send money to +91-7890123456.,send money,{'phone_number': '+91-7890123456'}
send ₹3740 to robert.,send money,"{'recipient': 'robert', 'amount': '₹3740'}"
transfer ₹3169 to user@upi.,send money,"{'upi_id': 'user@upi', 'amount': '₹3169'}"
send ₹4576 to johnny.,send money,"{'recipient': 'johnny', 'amount': '₹4576'}"
make a payment of ₹424 to random@oksbi.,send money,"{'amount': '₹424', 'upi_id': 'random@oksbi'}"
send money to 98765 43210.,send money,{'phone_number': '98765 43210'}
transfer ₹209 to xyz@okhdfcbank.,send money,"{'upi_id': 'xyz@okhdfcbank', 'amount': '₹209'}"
transfer ₹537 to someone@ybl.,send money,"{'upi_id': 'someone@ybl', 'amount': '₹537'}"
make a payment of ₹2376 to someone@ybl.,send money,"{'amount': '₹2376', 'upi_id': 'someone@ybl'}"
send ₹1891 to robert.,send money,"{'recipient': 'robert', 'amount': '₹1891'}"
transfer ₹3643 to abc@paytm.,send money,"{'upi_id': 'abc@paytm', 'amount': '₹3643'}"
pay alice using someone@ybl.,send money,"{'recipient': 'alice', 'upi_id': 'someone@ybl'}"
make a payment of ₹393 to xyz@okhdfcbank.,send money,"{'amount': '₹393', 'upi_id': 'xyz@okhdfcbank'}"
make a payment of ₹2203 to abc@paytm.,send money,"{'amount': '₹2203', 'upi_id': 'abc@paytm'}"
transfer ₹3713 to abc@paytm.,send money,"{'upi_id': 'abc@paytm', 'amount': '₹3713'}"
send ₹4987 to john.,send money,"{'recipient': 'john', 'amount': '₹4987'}"
send ₹3529 to john.,send money,"{'recipient': 'john', 'amount': '₹3529'}"
pay john doe using xyz@okhdfcbank.,send money,"{'recipient': 'john doe', 'upi_id': 'xyz@okhdfcbank'}"
make a payment of ₹2511 to xyz@okhdfcbank.,send money,"{'amount': '₹2511', 'upi_id': 'xyz@okhdfcbank'}"
send money to 98765 43210.,send money,{'phone_number': '98765 43210'}
send money to +91-7890123456.,send money,{'phone_number': '+91-7890123456'}
make a payment of ₹1949 to xyz@okhdfcbank.,send money,"{'amount': '₹1949', 'upi_id': 'xyz@okhdfcbank'}"
send money to 9123456789.,send money,{'phone_number': '9123456789'}
transfer ₹1502 to abc@paytm.,send money,"{'upi_id': 'abc@paytm', 'amount': '₹1502'}"
make a payment of ₹714 to xyz@okhdfcbank.,send money,"{'amount': '₹714', 'upi_id': 'xyz@okhdfcbank'}"
send money to 98765 43210.,send money,{'phone_number': '98765 43210'}
transfer ₹4174 to xyz@okhdfcbank.,send money,"{'upi_id': 'xyz@okhdfcbank', 'amount': '₹4174'}"
make a payment of ₹4715 to random@oksbi.,send money,"{'amount': '₹4715', 'upi_id': 'random@oksbi'}"
send ₹714 to john.,send money,"{'recipient': 'john', 'amount': '₹714'}"
send ₹1328 to johnny.,send money,"{'recipient': 'johnny', 'amount': '₹1328'}"
make a payment of ₹1433 to abc@paytm.,send money,"{'amount': '₹1433', 'upi_id': 'abc@paytm'}"
transfer ₹2936 to abc@paytm.,send money,"{'upi_id': 'abc@paytm', 'amount': '₹2936'}"
transfer ₹926 to xyz@okhdfcbank.,send money,"{'upi_id': 'xyz@okhdfcbank', 'amount': '₹926'}"
send money to 98765 43210.,send money,{'phone_number': '98765 43210'}
make a payment of ₹4008 to abc@paytm.,send money,"{'amount': '₹4008', 'upi_id': 'abc@paytm'}"
send money to +91 9876543210.,send money,{'phone_number': '+91 9876543210'}
send money to +91 9876543210.,send money,{'phone_number': '+91 9876543210'}
transfer ₹4340 to random@oksbi.,send money,"{'upi_id': 'random@oksbi', 'amount': '₹4340'}"
transfer ₹2908 to abc@paytm.,send money,"{'upi_id': 'abc@paytm', 'amount': '₹2908'}"
make a payment of ₹4376 to someone@ybl.,send money,"{'amount': '₹4376', 'upi_id': 'someone@ybl'}"
make a payment of ₹1223 to user@upi.,send money,"{'amount': '₹1223', 'upi_id': 'user@upi'}"
make a payment of ₹2911 to xyz@okhdfcbank.,send money,"{'amount': '₹2911', 'upi_id': 'xyz@okhdfcbank'}"
pay john using someone@ybl.,send money,"{'recipient': 'john', 'upi_id': 'someone@ybl'}"
make a payment of ₹4579 to random@oksbi.,send money,"{'amount': '₹4579', 'upi_id': 'random@oksbi'}"
transfer ₹769 to someone@ybl.,send money,"{'upi_id': 'someone@ybl', 'amount': '₹769'}"
send money to 9123456789.,send money,{'phone_number': '9123456789'}
send money to 9123456789.,send money,{'phone_number': '9123456789'}
pay john using xyz@okhdfcbank.,send money,"{'recipient': 'john', 'upi_id': 'xyz@okhdfcbank'}"
transfer ₹1382 to abc@paytm.,send money,"{'upi_id': 'abc@paytm', 'amount': '₹1382'}"
pay john using someone@ybl.,send money,"{'recipient': 'john', 'upi_id': 'someone@ybl'}"
transfer ₹2426 to someone@ybl.,send money,"{'upi_id': 'someone@ybl', 'amount': '₹2426'}"
make a payment of ₹2905 to xyz@okhdfcbank.,send money,"{'amount': '₹2905', 'upi_id': 'xyz@okhdfcbank'}"
send money to +91-7890123456.,send money,{'phone_number': '+91-7890123456'}
pay alice using abc@paytm.,send money,"{'recipient': 'alice', 'upi_id': 'abc@paytm'}"
send ₹1507 to jon.,send money,"{'recipient': 'jon', 'amount': '₹1507'}"
send ₹4407 to rob.,send money,"{'recipient': 'rob', 'amount': '₹4407'}"
transfer ₹1106 to xyz@okhdfcbank.,send money,"{'upi_id': 'xyz@okhdfcbank', 'amount': '₹1106'}"
transfer ₹1233 to user@upi.,send money,"{'upi_id': 'user@upi', 'amount': '₹1233'}"
pay alice using xyz@okhdfcbank.,send money,"{'recipient': 'alice', 'upi_id': 'xyz@okhdfcbank'}"
pay robert using xyz@okhdfcbank.,send money,"{'recipient': 'robert', 'upi_id': 'xyz@okhdfcbank'}"
make a payment of ₹4630 to abc@paytm.,send money,"{'amount': '₹4630', 'upi_id': 'abc@paytm'}"
send ₹3332 to robert.,send money,"{'recipient': 'robert', 'amount': '₹3332'}"
transfer ₹1046 to user@upi.,send money,"{'upi_id': 'user@upi', 'amount': '₹1046'}"
send money to 98765 43210.,send money,{'phone_number': '98765 43210'}
send ₹3759 to john doe.,send money,"{'recipient': 'john doe', 'amount': '₹3759'}"
send ₹1860 to rob.,send money,"{'recipient': 'rob', 'amount': '₹1860'}"
pay alice using abc@paytm.,send money,"{'recipient': 'alice', 'upi_id': 'abc@paytm'}"
send ₹2863 to bob smith.,send money,"{'recipient': 'bob smith', 'amount': '₹2863'}"
pay john using someone@ybl.,send money,"{'recipient': 'john', 'upi_id': 'someone@ybl'}"
make a payment of ₹2666 to xyz@okhdfcbank.,send money,"{'amount': '₹2666', 'upi_id': 'xyz@okhdfcbank'}"
transfer ₹3920 to user@upi.,send money,"{'upi_id': 'user@upi', 'amount': '₹3920'}"
send money to 9123456789.,send money,{'phone_number': '9123456789'}
pay jon using abc@paytm.,send money,"{'recipient': 'jon', 'upi_id': 'abc@paytm'}"
send money to +91-7890123456.,send money,{'phone_number': '+91-7890123456'}
pay alice using someone@ybl.,send money,"{'recipient': 'alice', 'upi_id': 'someone@ybl'}"
send ₹1898 to john.,send money,"{'recipient': 'john', 'amount': '₹1898'}"
send ₹4716 to jon.,send money,"{'recipient': 'jon', 'amount': '₹4716'}"
send money to +91 9876543210.,send money,{'phone_number': '+91 9876543210'}
send money to 9123456789.,send money,{'phone_number': '9123456789'}
send money to +91 9876543210.,send money,{'phone_number': '+91 9876543210'}
pay rob using user@upi.,send money,"{'recipient': 'rob', 'upi_id': 'user@upi'}"
make a payment of ₹2799 to abc@paytm.,send money,"{'amount': '₹2799', 'upi_id': 'abc@paytm'}"
send ₹3453 to johnny.,send money,"{'recipient': 'johnny', 'amount': '₹3453'}"
transfer ₹4288 to xyz@okhdfcbank.,send money,"{'upi_id': 'xyz@okhdfcbank', 'amount': '₹4288'}"
send ₹3120 to johnny.,send money,"{'recipient': 'johnny', 'amount': '₹3120'}"
transfer ₹2032 to random@oksbi.,send money,"{'upi_id': 'random@oksbi', 'amount': '₹2032'}"
transfer ₹4136 to abc@paytm.,send money,"{'upi_id': 'abc@paytm', 'amount': '₹4136'}"
make a payment of ₹4298 to random@oksbi.,send money,"{'amount': '₹4298', 'upi_id': 'random@oksbi'}"
pay john doe using abc@paytm.,send money,"{'recipient': 'john doe', 'upi_id': 'abc@paytm'}"
transfer ₹2310 to random@oksbi.,send money,"{'upi_id': 'random@oksbi', 'amount': '₹2310'}"
send money to 9123456789.,send money,{'phone_number': '9123456789'}
make a payment of ₹2629 to user@upi.,send money,"{'amount': '₹2629', 'upi_id': 'user@upi'}"
transfer ₹1992 to random@oksbi.,send money,"{'upi_id': 'random@oksbi', 'amount': '₹1992'}"
send ₹107 to alice.,send money,"{'recipient': 'alice', 'amount': '₹107'}"
make a payment of ₹1613 to user@upi.,send money,"{'amount': '₹1613', 'upi_id': 'user@upi'}"
pay robert using someone@ybl.,send money,"{'recipient': 'robert', 'upi_id': 'someone@ybl'}"
transfer ₹346 to random@oksbi.,send money,"{'upi_id': 'random@oksbi', 'amount': '₹346'}"
transfer ₹4936 to random@oksbi.,send money,"{'upi_id': 'random@oksbi', 'amount': '₹4936'}"
send ₹3555 to rob.,send money,"{'recipient': 'rob', 'amount': '₹3555'}"
make a payment of ₹551 to user@upi.,send money,"{'amount': '₹551', 'upi_id': 'user@upi'}"
send money to +91-7890123456.,send money,{'phone_number': '+91-7890123456'}
pay john doe using user@upi.,send money,"{'recipient': 'john doe', 'upi_id': 'user@upi'}"
send money to 9123456789.,send money,{'phone_number': '9123456789'}
send money to +91 9876543210.,send money,{'phone_number': '+91 9876543210'}
pay jon using random@oksbi.,send money,"{'recipient': 'jon', 'upi_id': 'random@oksbi'}"
transfer ₹1516 to xyz@okhdfcbank.,send money,"{'upi_id': 'xyz@okhdfcbank', 'amount': '₹1516'}"
pay johnny using abc@paytm.,send money,"{'recipient': 'johnny', 'upi_id': 'abc@paytm'}"
pay rob using abc@paytm.,send money,"{'recipient': 'rob', 'upi_id': 'abc@paytm'}"
send money to +91-7890123456.,send money,{'phone_number': '+91-7890123456'}
transfer ₹3992 to someone@ybl.,send money,"{'upi_id': 'someone@ybl', 'amount': '₹3992'}"
make a payment of ₹2666 to user@upi.,send money,"{'amount': '₹2666', 'upi_id': 'user@upi'}"
send money to 98765 43210.,send money,{'phone_number': '98765 43210'}
send ₹1626 to alice.,send money,"{'recipient': 'alice', 'amount': '₹1626'}"
make a payment of ₹1229 to random@oksbi.,send money,"{'amount': '₹1229', 'upi_id': 'random@oksbi'}"
send money to 98765 43210.,send money,{'phone_number': '98765 43210'}
transfer ₹1705 to someone@ybl.,send money,"{'upi_id': 'someone@ybl', 'amount': '₹1705'}"
send ₹4834 to john doe.,send money,"{'recipient': 'john doe', 'amount': '₹4834'}"
send money to 98765 43210.,send money,{'phone_number': '98765 43210'}
pay john using xyz@okhdfcbank.,send money,"{'recipient': 'john', 'upi_id': 'xyz@okhdfcbank'}"
transfer ₹1936 to random@oksbi.,send money,"{'upi_id': 'random@oksbi', 'amount': '₹1936'}"
send money to +91 9876543210.,send money,{'phone_number': '+91 9876543210'}
send ₹427 to johnny.,send money,"{'recipient': 'johnny', 'amount': '₹427'}"
pay johnny using abc@paytm.,send money,"{'recipient': 'johnny', 'upi_id': 'abc@paytm'}"
send ₹4497 to bob smith.,send money,"{'recipient': 'bob smith', 'amount': '₹4497'}"
pay robert using abc@paytm.,send money,"{'recipient': 'robert', 'upi_id': 'abc@paytm'}"
pay john using user@upi.,send money,"{'recipient': 'john', 'upi_id': 'user@upi'}"
transfer ₹4285 to xyz@okhdfcbank.,send money,"{'upi_id': 'xyz@okhdfcbank', 'amount': '₹4285'}"
send money to +91 9876543210.,send money,{'phone_number': '+91 9876543210'}
pay bob smith using someone@ybl.,send money,"{'recipient': 'bob smith', 'upi_id': 'someone@ybl'}"
send ₹3114 to rob.,send money,"{'recipient': 'rob', 'amount': '₹3114'}"
transfer ₹1926 to someone@ybl.,send money,"{'upi_id': 'someone@ybl', 'amount': '₹1926'}"
send money to 98765 43210.,send money,{'phone_number': '98765 43210'}
make a payment of ₹2926 to user@upi.,send money,"{'amount': '₹2926', 'upi_id': 'user@upi'}"
pay john using abc@paytm.,send money,"{'recipient': 'john', 'upi_id': 'abc@paytm'}"
send ₹638 to john doe.,send money,"{'recipient': 'john doe', 'amount': '₹638'}"
pay john using xyz@okhdfcbank.,send money,"{'recipient': 'john', 'upi_id': 'xyz@okhdfcbank'}"
send ₹956 to john doe.,send money,"{'recipient': 'john doe', 'amount': '₹956'}"
send ₹2011 to john.,send money,"{'recipient': 'john', 'amount': '₹2011'}"
send ₹2644 to robert.,send money,"{'recipient': 'robert', 'amount': '₹2644'}"
transfer ₹1136 to xyz@okhdfcbank.,send money,"{'upi_id': 'xyz@okhdfcbank', 'amount': '₹1136'}"
make a payment of ₹2735 to random@oksbi.,send money,"{'amount': '₹2735', 'upi_id': 'random@oksbi'}"
send money to +91-7890123456.,send money,{'phone_number': '+91-7890123456'}
pay jon using abc@paytm.,send money,"{'recipient': 'jon', 'upi_id': 'abc@paytm'}"
pay robert using someone@ybl.,send money,"{'recipient': 'robert', 'upi_id': 'someone@ybl'}"
make a payment of ₹1386 to user@upi.,send money,"{'amount': '₹1386', 'upi_id': 'user@upi'}"
pay john doe using xyz@okhdfcbank.,send money,"{'recipient': 'john doe', 'upi_id': 'xyz@okhdfcbank'}"
transfer ₹4392 to abc@paytm.,send money,"{'upi_id': 'abc@paytm', 'amount': '₹4392'}"
make a payment of ₹1133 to abc@paytm.,send money,"{'amount': '₹1133', 'upi_id': 'abc@paytm'}"
pay john using xyz@okhdfcbank.,send money,"{'recipient': 'john', 'upi_id': 'xyz@okhdfcbank'}"
make a payment of ₹3630 to user@upi.,send money,"{'amount': '₹3630', 'upi_id': 'user@upi'}"
send money to +91 9876543210.,send money,{'phone_number': '+91 9876543210'}
transfer ₹4844 to abc@paytm.,send money,"{'upi_id': 'abc@paytm', 'amount': '₹4844'}"
pay bob smith using random@oksbi.,send money,"{'recipient': 'bob smith', 'upi_id': 'random@oksbi'}"
send money to 9123456789.,send money,{'phone_number': '9123456789'}
send ₹4521 to alice.,send money,"{'recipient': 'alice', 'amount': '₹4521'}"
make a payment of ₹4991 to abc@paytm.,send money,"{'amount': '₹4991', 'upi_id': 'abc@paytm'}"
send ₹729 to john doe.,send money,"{'recipient': 'john doe', 'amount': '₹729'}"
make a payment of ₹4844 to random@oksbi.,send money,"{'amount': '₹4844', 'upi_id': 'random@oksbi'}"
send ₹4550 to john.,send money,"{'recipient': 'john', 'amount': '₹4550'}"
make a payment of ₹1308 to user@upi.,send money,"{'amount': '₹1308', 'upi_id': 'user@upi'}"
transfer ₹1953 to xyz@okhdfcbank.,send money,"{'upi_id': 'xyz@okhdfcbank', 'amount': '₹1953'}"
pay johnny using user@upi.,send money,"{'recipient': 'johnny', 'upi_id': 'user@upi'}"
transfer ₹2166 to someone@ybl.,send money,"{'upi_id': 'someone@ybl', 'amount': '₹2166'}"
make a payment of ₹1714 to someone@ybl.,send money,"{'amount': '₹1714', 'upi_id': 'someone@ybl'}"
make a payment of ₹1737 to random@oksbi.,send money,"{'amount': '₹1737', 'upi_id': 'random@oksbi'}"
send money to +91-7890123456.,send money,{'phone_number': '+91-7890123456'}
send ₹2893 to alice.,send money,"{'recipient': 'alice', 'amount': '₹2893'}"
send ₹1716 to robert.,send money,"{'recipient': 'robert', 'amount': '₹1716'}"
send ₹2789 to john doe.,send money,"{'recipient': 'john doe', 'amount': '₹2789'}"
send money to 98765 43210.,send money,{'phone_number': '98765 43210'}
send ₹2385 to jon.,send money,"{'recipient': 'jon', 'amount': '₹2385'}"
pay jon using abc@paytm.,send money,"{'recipient': 'jon', 'upi_id': 'abc@paytm'}"
send money to 9123456789.,send money,{'phone_number': '9123456789'}
send ₹770 to johnny.,send money,"{'recipient': 'johnny', 'amount': '₹770'}"
pay rob using someone@ybl.,send money,"{'recipient': 'rob', 'upi_id': 'someone@ybl'}"
send ₹3486 to johnny.,send money,"{'recipient': 'johnny', 'amount': '₹3486'}"
send ₹2598 to john doe.,send money,"{'recipient': 'john doe', 'amount': '₹2598'}"
pay robert using someone@ybl.,send money,"{'recipient': 'robert', 'upi_id': 'someone@ybl'}"
send money to 98765 43210.,send money,{'phone_number': '98765 43210'}
pay bob smith using abc@paytm.,send money,"{'recipient': 'bob smith', 'upi_id': 'abc@paytm'}"
pay john using abc@paytm.,send money,"{'recipient': 'john', 'upi_id': 'abc@paytm'}"
send ₹2759 to rob.,send money,"{'recipient': 'rob', 'amount': '₹2759'}"
make a payment of ₹3134 to xyz@okhdfcbank.,send money,"{'amount': '₹3134', 'upi_id': 'xyz@okhdfcbank'}"
pay bob smith using user@upi.,send money,"{'recipient': 'bob smith', 'upi_id': 'user@upi'}"
send money to 98765 43210.,send money,{'phone_number': '98765 43210'}
transfer ₹1397 to someone@ybl.,send money,"{'upi_id': 'someone@ybl', 'amount': '₹1397'}"
pay johnny using user@upi.,send money,"{'recipient': 'johnny', 'upi_id': 'user@upi'}"
send ₹1853 to john.,send money,"{'recipient': 'john', 'amount': '₹1853'}"
transfer ₹802 to abc@paytm.,send money,"{'upi_id': 'abc@paytm', 'amount': '₹802'}"
send money to +91 9876543210.,send money,{'phone_number': '+91 9876543210'}
send ₹3046 to john.,send money,"{'recipient': 'john', 'amount': '₹3046'}"
send ₹344 to jon.,send money,"{'recipient': 'jon', 'amount': '₹344'}"
make a payment of ₹611 to xyz@okhdfcbank.,send money,"{'amount': '₹611', 'upi_id': 'xyz@okhdfcbank'}"
send money to +91-7890123456.,send money,{'phone_number': '+91-7890123456'}
send money to 98765 43210.,send money,{'phone_number': '98765 43210'}
make a payment of ₹3749 to abc@paytm.,send money,"{'amount': '₹3749', 'upi_id': 'abc@paytm'}"
send money to +91-7890123456.,send money,{'phone_number': '+91-7890123456'}
make a payment of ₹3719 to user@upi.,send money,"{'amount': '₹3719', 'upi_id': 'user@upi'}"
pay john using someone@ybl.,send money,"{'recipient': 'john', 'upi_id': 'someone@ybl'}"
pay robert using random@oksbi.,send money,"{'recipient': 'robert', 'upi_id': 'random@oksbi'}"
make a payment of ₹1004 to user@upi.,send money,"{'amount': '₹1004', 'upi_id': 'user@upi'}"
transfer ₹1671 to abc@paytm.,send money,"{'upi_id': 'abc@paytm', 'amount': '₹1671'}"
send ₹3434 to alice.,send money,"{'recipient': 'alice', 'amount': '₹3434'}"
pay john doe using abc@paytm.,send money,"{'recipient': 'john doe', 'upi_id': 'abc@paytm'}"
send ₹3432 to john doe.,send money,"{'recipient': 'john doe', 'amount': '₹3432'}"
transfer ₹3120 to someone@ybl.,send money,"{'upi_id': 'someone@ybl', 'amount': '₹3120'}"
transfer ₹1199 to random@oksbi.,send money,"{'upi_id': 'random@oksbi', 'amount': '₹1199'}"
transfer ₹3378 to user@upi.,send money,"{'upi_id': 'user@upi', 'amount': '₹3378'}"
make a payment of ₹3156 to user@upi.,send money,"{'amount': '₹3156', 'upi_id': 'user@upi'}"
send money to 9123456789.,send money,{'phone_number': '9123456789'}
send ₹1723 to johnny.,send money,"{'recipient': 'johnny', 'amount': '₹1723'}"
make a payment of ₹3711 to random@oksbi.,send money,"{'amount': '₹3711', 'upi_id': 'random@oksbi'}"
transfer ₹3699 to xyz@okhdfcbank.,send money,"{'upi_id': 'xyz@okhdfcbank', 'amount': '₹3699'}"
send ₹2044 to johnny.,send money,"{'recipient': 'johnny', 'amount': '₹2044'}"
pay rob using random@oksbi.,send money,"{'recipient': 'rob', 'upi_id': 'random@oksbi'}"
pay john doe using xyz@okhdfcbank.,send money,"{'recipient': 'john doe', 'upi_id': 'xyz@okhdfcbank'}"
make a payment of ₹4390 to random@oksbi.,send money,"{'amount': '₹4390', 'upi_id': 'random@oksbi'}"
send money to +91 9876543210.,send money,{'phone_number': '+91 9876543210'}
send ₹1662 to john doe.,send money,"{'recipient': 'john doe', 'amount': '₹1662'}"
send money to 9123456789.,send money,{'phone_number': '9123456789'}
send money to +91 9876543210.,send money,{'phone_number': '+91 9876543210'}
send money to 98765 43210.,send money,{'phone_number': '98765 43210'}
pay john using user@upi.,send money,"{'recipient': 'john', 'upi_id': 'user@upi'}"
make a payment of ₹2884 to someone@ybl.,send money,"{'amount': '₹2884', 'upi_id': 'someone@ybl'}"
make a payment of ₹3625 to abc@paytm.,send money,"{'amount': '₹3625', 'upi_id': 'abc@paytm'}"
send money to +91 9876543210.,send money,{'phone_number': '+91 9876543210'}
transfer ₹4424 to xyz@okhdfcbank.,send money,"{'upi_id': 'xyz@okhdfcbank', 'amount': '₹4424'}"
pay jon using someone@ybl.,send money,"{'recipient': 'jon', 'upi_id': 'someone@ybl'}"
transfer ₹862 to someone@ybl.,send money,"{'upi_id': 'someone@ybl', 'amount': '₹862'}"
send money to +91 9876543210.,send money,{'phone_number': '+91 9876543210'}
transfer ₹322 to user@upi.,send money,"{'upi_id': 'user@upi', 'amount': '₹322'}"
transfer ₹3032 to user@upi.,send money,"{'upi_id': 'user@upi', 'amount': '₹3032'}"
pay jon using user@upi.,send money,"{'recipient': 'jon', 'upi_id': 'user@upi'}"
send ₹4159 to robert.,send money,"{'recipient': 'robert', 'amount': '₹4159'}"
make a payment of ₹2940 to someone@ybl.,send money,"{'amount': '₹2940', 'upi_id': 'someone@ybl'}"
make a payment of ₹322 to random@oksbi.,send money,"{'amount': '₹322', 'upi_id': 'random@oksbi'}"
pay bob smith using abc@paytm.,send money,"{'recipient': 'bob smith', 'upi_id': 'abc@paytm'}"
send money to 98765 43210.,send money,{'phone_number': '98765 43210'}
transfer ₹823 to user@upi.,send money,"{'upi_id': 'user@upi', 'amount': '₹823'}"
make a payment of ₹187 to someone@ybl.,send money,"{'amount': '₹187', 'upi_id': 'someone@ybl'}"
transfer ₹2508 to xyz@okhdfcbank.,send money,"{'upi_id': 'xyz@okhdfcbank', 'amount': '₹2508'}"
make a payment of ₹3316 to xyz@okhdfcbank.,send money,"{'amount': '₹3316', 'upi_id': 'xyz@okhdfcbank'}"
make a payment of ₹4695 to user@upi.,send money,"{'amount': '₹4695', 'upi_id': 'user@upi'}"
transfer ₹1267 to someone@ybl.,send money,"{'upi_id': 'someone@ybl', 'amount': '₹1267'}"
send money to +91-7890123456.,send money,{'phone_number': '+91-7890123456'}
pay alice using xyz@okhdfcbank.,send money,"{'recipient': 'alice', 'upi_id': 'xyz@okhdfcbank'}"
send money to 9123456789.,send money,{'phone_number': '9123456789'}
transfer ₹4363 to abc@paytm.,send money,"{'upi_id': 'abc@paytm', 'amount': '₹4363'}"
send money to +91-7890123456.,send money,{'phone_number': '+91-7890123456'}
send ₹4280 to jon.,send money,"{'recipient': 'jon', 'amount': '₹4280'}"
send money to 98765 43210.,send money,{'phone_number': '98765 43210'}
send money to 98765 43210.,send money,{'phone_number': '98765 43210'}
send money to 98765 43210.,send money,{'phone_number': '98765 43210'}
make a payment of ₹3347 to user@upi.,send money,"{'amount': '₹3347', 'upi_id': 'user@upi'}"
send money to 9123456789.,send money,{'phone_number': '9123456789'}
transfer ₹4026 to abc@paytm.,send money,"{'upi_id': 'abc@paytm', 'amount': '₹4026'}"
pay john doe using xyz@okhdfcbank.,send money,"{'recipient': 'john doe', 'upi_id': 'xyz@okhdfcbank'}"
send money to +91 9876543210.,send money,{'phone_number': '+91 9876543210'}
pay johnny using random@oksbi.,send money,"{'recipient': 'johnny', 'upi_id': 'random@oksbi'}"
make a payment of ₹4392 to random@oksbi.,send money,"{'amount': '₹4392', 'upi_id': 'random@oksbi'}"
send money to 98765 43210.,send money,{'phone_number': '98765 43210'}
transfer ₹4750 to someone@ybl.,send money,"{'upi_id': 'someone@ybl', 'amount': '₹4750'}"
transfer ₹2720 to xyz@okhdfcbank.,send money,"{'upi_id': 'xyz@okhdfcbank', 'amount': '₹2720'}"
transfer ₹3110 to user@upi.,send money,"{'upi_id': 'user@upi', 'amount': '₹3110'}"
make a payment of ₹2631 to abc@paytm.,send money,"{'amount': '₹2631', 'upi_id': 'abc@paytm'}"
make a payment of ₹3927 to abc@paytm.,send money,"{'amount': '₹3927', 'upi_id': 'abc@paytm'}"
pay rob using abc@paytm.,send money,"{'recipient': 'rob', 'upi_id': 'abc@paytm'}"
transfer ₹1980 to user@upi.,send money,"{'upi_id': 'user@upi', 'amount': '₹1980'}"
send ₹4543 to bob smith.,send money,"{'recipient': 'bob smith', 'amount': '₹4543'}"
transfer ₹3593 to abc@paytm.,send money,"{'upi_id': 'abc@paytm', 'amount': '₹3593'}"
transfer ₹2472 to abc@paytm.,send money,"{'upi_id': 'abc@paytm', 'amount': '₹2472'}"
send ₹3911 to robert.,send money,"{'recipient': 'robert', 'amount': '₹3911'}"
transfer ₹3288 to user@upi.,send money,"{'upi_id': 'user@upi', 'amount': '₹3288'}"
make a payment of ₹253 to random@oksbi.,send money,"{'amount': '₹253', 'upi_id': 'random@oksbi'}"
pay robert using user@upi.,send money,"{'recipient': 'robert', 'upi_id': 'user@upi'}"
